n_sim,gamma,mse,mse_se
1,0.1,0.01544015812834566,0.0
1,0.10009216427327419,0.013786868833460478,0.0
1,0.10018441348908107,0.011390164586817074,0.0
1,0.10027674772570727,0.012118729127142333,0.0
1,0.10036916706151167,0.009504628622435068,0.0
1,0.10046167157492526,0.009050139760190788,0.0
1,0.1005542613444514,0.004054637942013741,0.0
1,0.10064693644866575,0.017486631597433303,0.0
1,0.10073969696621637,0.007357204100997121,0.0
1,0.10083254297582392,0.00802718137626732,0.0
1,0.10092547455628148,0.009651968990539448,0.0
1,0.1010184917864548,0.009844351490811986,0.0
1,0.10111159474528233,0.009075601414661214,0.0
1,0.10120478351177525,0.0027880200425164153,0.0
1,0.1012980581650176,0.015395852358567119,0.0
1,0.10139141878416626,0.009370653656664311,0.0
1,0.10148486544845108,0.013854212791700071,0.0
1,0.1015783982371749,0.007113030576318675,0.0
1,0.10167201722971377,0.010054770830959927,0.0
1,0.10176572250551676,0.010776288968245977,0.0
1,0.1018595141441062,0.009453457150831021,0.0
1,0.10195339222507774,0.012096532284061155,0.0
1,0.10204735682810033,0.007998986042202495,0.0
1,0.10214140803291648,0.008781998859824324,0.0
1,0.10223554591934204,0.009555100815194294,0.0
1,0.10232977056726651,0.010650868113903107,0.0
1,0.10242408205665299,0.0063468227992596535,0.0
1,0.10251848046753824,0.010429648423691932,0.0
1,0.1026129658800329,0.012990696233040116,0.0
1,0.10270753837432131,0.005640128702954449,0.0
1,0.10280219803066182,0.01920275582631387,0.0
1,0.10289694492938668,0.00992869980770625,0.0
1,0.10299177915090217,0.007767720504099565,0.0
1,0.10308670077568877,0.007062579993788327,0.0
1,0.10318170988430102,0.006289857745177524,0.0
1,0.10327680655736778,0.011947488455733131,0.0
1,0.10337199087559217,0.005093259338801946,0.0
1,0.1034672629197517,0.0076597306230296565,0.0
1,0.10356262277069839,0.008230981172308128,0.0
1,0.10365807050935869,0.009737391289208502,0.0
1,0.1037536062167337,0.007267384488716106,0.0
1,0.10384922997389909,0.013249432213113685,0.0
1,0.10394494186200538,0.012407652077227656,0.0
1,0.10404074196227778,0.005771795426039944,0.0
1,0.10413663035601639,0.00796966481438783,0.0
1,0.10423260712459624,0.006709474045741852,0.0
1,0.10432867234946736,0.0072613328485076735,0.0
1,0.10442482611215485,0.007646641386048607,0.0
1,0.10452106849425896,0.010812081188053418,0.0
1,0.10461739957745511,0.0077246016728773235,0.0
1,0.10471381944349403,0.008638577839046115,0.0
1,0.10481032817420176,0.010756119246277897,0.0
1,0.10490692585147982,0.009024608521923778,0.0
1,0.10500361255730513,0.010669376307775338,0.0
1,0.10510038837373022,0.015379770598095093,0.0
1,0.10519725338288322,0.008871381314663999,0.0
1,0.10529420766696794,0.01064892067059112,0.0
1,0.10539125130826402,0.007318931760349516,0.0
1,0.10548838438912686,0.008148472550869899,0.0
1,0.10558560699198778,0.010518540229074093,0.0
1,0.1056829191993541,0.012372955661988812,0.0
1,0.10578032109380911,0.0052919410727796014,0.0
1,0.10587781275801232,0.00584869900557936,0.0
1,0.10597539427469936,0.006095837519412998,0.0
1,0.1060730657266821,0.011888702010792318,0.0
1,0.10617082719684875,0.008701703162996925,0.0
1,0.1062686787681639,0.008146030494370586,0.0
1,0.10636662052366867,0.009369426060743227,0.0
1,0.10646465254648063,0.006428772976517965,0.0
1,0.10656277491979399,0.014483802935422637,0.0
1,0.10666098772687962,0.010581955265578709,0.0
1,0.10675929105108516,0.009415355793412334,0.0
1,0.10685768497583507,0.010680230949342841,0.0
1,0.10695616958463068,0.01154917486422121,0.0
1,0.10705474496105026,0.008764481645240883,0.0
1,0.10715341118874913,0.012556675092653416,0.0
1,0.10725216835145975,0.012621405807401984,0.0
1,0.10735101653299169,0.008543550012442296,0.0
1,0.10744995581723178,0.010451202153123082,0.0
1,0.10754898628814417,0.010236691737768505,0.0
1,0.10764810802977037,0.01569523342713026,0.0
1,0.10774732112622944,0.01367230041200507,0.0
1,0.10784662566171783,0.013136268927831827,0.0
1,0.1079460217205097,0.011110797706258798,0.0
1,0.10804550938695681,0.006618269825128382,0.0
1,0.10814508874548867,0.00858965486046752,0.0
1,0.10824475988061268,0.0065956950400962566,0.0
1,0.10834452287691404,0.009056484097913983,0.0
1,0.10844437781905594,0.010260001360607464,0.0
1,0.1085443247917796,0.011550566283352597,0.0
1,0.1086443638799043,0.013344978062355881,0.0
1,0.10874449516832758,0.005869371140815471,0.0
1,0.10884471874202516,0.01061996334056401,0.0
1,0.10894503468605109,0.015044648560909538,0.0
1,0.1090454430855378,0.00975512219084111,0.0
1,0.10914594402569619,0.007644709927095539,0.0
1,0.10924653759181573,0.00891721049141888,0.0
1,0.10934722386926445,0.009948190880806887,0.0
1,0.10944800294348905,0.009144512152730525,0.0
1,0.10954887490001501,0.008799412969555711,0.0
1,0.10964983982444668,0.00908380983333487,0.0
1,0.10975089780246719,0.0066382520880628034,0.0
1,0.10985204891983874,0.012682367122974249,0.0
1,0.10995329326240252,0.01238576812193408,0.0
1,0.11005463091607882,0.00831194513146992,0.0
1,0.11015606196686722,0.006601538165816781,0.0
1,0.11025758650084647,0.011987944450662107,0.0
1,0.11035920460417463,0.004212738231942273,0.0
1,0.11046091636308925,0.0051714680063189855,0.0
1,0.11056272186390728,0.015321086988667314,0.0
1,0.11066462119302531,0.00968231681692262,0.0
1,0.1107666144369195,0.008399580347435735,0.0
1,0.11086870168214571,0.00629061213338502,0.0
1,0.11097088301533961,0.010446924732969437,0.0
1,0.11107315852321661,0.009453394144186606,0.0
1,0.11117552829257224,0.015318213448456604,0.0
1,0.11127799241028183,0.006345583321348644,0.0
1,0.11138055096330088,0.011688132584469123,0.0
1,0.111483204038665,0.010409958869994419,0.0
1,0.11158595172348999,0.005709436521733994,0.0
1,0.11168879410497204,0.008674133653898703,0.0
1,0.11179173127038759,0.012419539899975813,0.0
1,0.1118947633070936,0.01035432123182788,0.0
1,0.11199789030252745,0.004907770090333615,0.0
1,0.11210111234420718,0.006948038041531789,0.0
1,0.1122044295197315,0.006023402748055796,0.0
1,0.11230784191677982,0.007733156377099487,0.0
1,0.11241134962311235,0.005670784650876414,0.0
1,0.11251495272657021,0.01883119684494841,0.0
1,0.11261865131507542,0.009151618357975006,0.0
1,0.11272244547663116,0.008419643428206182,0.0
1,0.1128263352993216,0.0052423559162327,0.0
1,0.11293032087131212,0.005377154358476386,0.0
1,0.11303440228084935,0.008603156147357079,0.0
1,0.11313857961626132,0.009584406239208683,0.0
1,0.1132428529659574,0.005955356983352463,0.0
1,0.11334722241842844,0.017946928193200914,0.0
1,0.11345168806224687,0.008052506985719186,0.0
1,0.11355624998606671,0.00773273146155472,0.0
1,0.1136609082786238,0.0031130251100306584,0.0
1,0.11376566302873564,0.010174860256124024,0.0
1,0.11387051432530164,0.009608778535579458,0.0
1,0.11397546225730314,0.006773670607827817,0.0
1,0.11408050691380346,0.007939980207758674,0.0
1,0.11418564838394808,0.011238194333309094,0.0
1,0.11429088675696457,0.017574363942972047,0.0
1,0.11439622212216276,0.00976303812179125,0.0
1,0.11450165456893478,0.009358808834394754,0.0
1,0.11460718418675514,0.007850107620845892,0.0
1,0.11471281106518089,0.01783080886481744,0.0
1,0.11481853529385151,0.009534166620605982,0.0
1,0.11492435696248916,0.005169421554157001,0.0
1,0.11503027616089864,0.020722587208782516,0.0
1,0.11513629297896763,0.02123316136730776,0.0
1,0.11524240750666655,0.009697414055770985,0.0
1,0.11534861983404875,0.014510525959117898,0.0
1,0.11545493005125061,0.007366208415893643,0.0
1,0.11556133824849155,0.008157470829806421,0.0
1,0.1156678445160742,0.008861759648189154,0.0
1,0.11577444894438436,0.0115448501894256,0.0
1,0.11588115162389116,0.008150789353036494,0.0
1,0.1159879526451471,0.008660885778733488,0.0
1,0.11609485209878807,0.008265520660078296,0.0
1,0.11620185007553367,0.0118280849104342,0.0
1,0.11630894666618696,0.014735208098085009,0.0
1,0.11641614196163472,0.005424247194522648,0.0
1,0.11652343605284751,0.023609300238915026,0.0
1,0.1166308290308797,0.00993010114522343,0.0
1,0.11673832098686969,0.007784410021229309,0.0
1,0.11684591201203973,0.008410498364857537,0.0
1,0.11695360219769624,0.010069497774225744,0.0
1,0.11706139163522973,0.012648445600358004,0.0
1,0.11716928041611496,0.010700810924125727,0.0
1,0.11727726863191108,0.006811862697754748,0.0
1,0.1173853563742615,0.011525934089703717,0.0
1,0.11749354373489417,0.00830904708088195,0.0
1,0.11760183080562153,0.010496493185857008,0.0
1,0.11771021767834065,0.013542898810643418,0.0
1,0.11781870444503337,0.011156169475550372,0.0
1,0.1179272911977662,0.010302071540968034,0.0
1,0.11803597802869056,0.013464716066175768,0.0
1,0.11814476503004279,0.007062885279232739,0.0
1,0.11825365229414421,0.015078933307292932,0.0
1,0.11836263991340129,0.01357189380643924,0.0
1,0.11847172798030563,0.02708680867018921,0.0
1,0.11858091658743405,0.009862202015034035,0.0
1,0.11869020582744874,0.010538671296017306,0.0
1,0.11879959579309723,0.007058353013552015,0.0
1,0.11890908657721262,0.014536723785191058,0.0
1,0.1190186782727135,0.00685746261030801,0.0
1,0.11912837097260409,0.0078509383081266,0.0
1,0.11923816476997437,0.014054337673370807,0.0
1,0.11934805975800007,0.012211929755611577,0.0
1,0.11945805602994289,0.009565038275507046,0.0
1,0.11956815367915036,0.007157069570627221,0.0
1,0.11967835279905611,0.006978031843968162,0.0
1,0.11978865348317987,0.00733912305140096,0.0
1,0.11989905582512758,0.006804096604647769,0.0
1,0.12000955991859143,0.009273303827369805,0.0
1,0.12012016585734996,0.013482622137743828,0.0
1,0.12023087373526814,0.01051383098538678,0.0
1,0.12034168364629744,0.014313036201147636,0.0
1,0.12045259568447597,0.007236130955385093,0.0
1,0.12056360994392848,0.011619725842216738,0.0
1,0.12067472651886643,0.010387978037194042,0.0
1,0.12078594550358814,0.010262989817159188,0.0
1,0.12089726699247888,0.01766888527150423,0.0
1,0.12100869108001086,0.006532497484635233,0.0
1,0.12112021786074337,0.009712237775531507,0.0
1,0.12123184742932283,0.016920163638728964,0.0
1,0.12134357988048292,0.015284176719557575,0.0
1,0.12145541530904466,0.007147247944143446,0.0
1,0.1215673538099164,0.011982135543579395,0.0
1,0.12167939547809398,0.009514195888066722,0.0
1,0.12179154040866079,0.009487929173780104,0.0
1,0.12190378869678785,0.008483500996018902,0.0
1,0.12201614043773396,0.010258555374043014,0.0
1,0.1221285957268456,0.005969320494399872,0.0
1,0.12224115465955723,0.009149289917170064,0.0
1,0.1223538173313912,0.0070375242091612325,0.0
1,0.12246658383795787,0.011727801686915215,0.0
1,0.12257945427495587,0.010270776361631966,0.0
1,0.12269242873817185,0.013328381512845724,0.0
1,0.12280550732348085,0.01460290088357571,0.0
1,0.12291869012684621,0.009975349915548243,0.0
1,0.12303197724431975,0.008060819958321445,0.0
1,0.12314536877204185,0.008825554661288633,0.0
1,0.12325886480624143,0.008353505809249795,0.0
1,0.12337246544323612,0.012205419150969283,0.0
1,0.12348617077943233,0.01234760757285684,0.0
1,0.12359998091132529,0.011099100266436403,0.0
1,0.12371389593549927,0.007834980471716584,0.0
1,0.12382791594862741,0.014099875669186293,0.0
1,0.12394204104747204,0.006971364691419621,0.0
1,0.12405627132888465,0.010758348983956547,0.0
1,0.12417060688980594,0.009600541775451653,0.0
1,0.12428504782726608,0.01102660841265761,0.0
1,0.12439959423838456,0.013476514112578296,0.0
1,0.12451424622037043,0.006530257138436849,0.0
1,0.12462900387052227,0.008549359784952977,0.0
1,0.12474386728622837,0.009671596604405981,0.0
1,0.12485883656496685,0.0144727725100477,0.0
1,0.12497391180430556,0.0074433487623529705,0.0
1,0.12508909310190233,0.017681562043833053,0.0
1,0.12520438055550498,0.007908395703397061,0.0
1,0.12531977426295138,0.008151131105669979,0.0
1,0.1254352743221697,0.013050935176633447,0.0
1,0.1255508808311782,0.006556260532668309,0.0
1,0.12566659388808563,0.010053258998984418,0.0
1,0.12578241359109102,0.012653538017819689,0.0
1,0.12589834003848394,0.0033094054611406505,0.0
1,0.12601437332864468,0.007255960996308209,0.0
1,0.12613051356004407,0.007462890679649191,0.0
1,0.12624676083124367,0.011592512569291107,0.0
1,0.12636311524089597,0.006366951821372415,0.0
1,0.1264795768877444,0.01074424131008674,0.0
1,0.12659614587062323,0.010176224491283825,0.0
1,0.12671282228845804,0.007558986538469568,0.0
1,0.12682960624026543,0.0039833724250487755,0.0
1,0.12694649782515324,0.005666498450156282,0.0
1,0.12706349714232085,0.013429653291743289,0.0
1,0.12718060429105885,0.00839814892986133,0.0
1,0.1272978193707494,0.025755210468083573,0.0
1,0.12741514248086633,0.009771798867570777,0.0
1,0.1275325737209751,0.013191911814134292,0.0
1,0.1276501131907329,0.006501495314891168,0.0
1,0.12776776098988885,0.012103959052641005,0.0
1,0.1278855172182839,0.011952127107513416,0.0
1,0.12800338197585104,0.011509925168939217,0.0
1,0.12812135536261546,0.012989554917650034,0.0
1,0.12823943747869446,0.006818314990340654,0.0
1,0.12835762842429763,0.009140722886904182,0.0
1,0.12847592829972687,0.00685175991842687,0.0
1,0.12859433720537655,0.00735875218219454,0.0
1,0.12871285524173365,0.013063890736958038,0.0
1,0.12883148250937765,0.0130310613233784,0.0
1,0.1289502191089808,0.015111342849637761,0.0
1,0.12906906514130806,0.007999961636396729,0.0
1,0.1291880207072173,0.011855764580032117,0.0
1,0.12930708590765944,0.0079658415800198,0.0
1,0.12942626084367825,0.016497554251959628,0.0
1,0.1295455456164108,0.010715345543944672,0.0
1,0.12966494032708725,0.010178829998209207,0.0
1,0.1297844450770311,0.01638041817538932,0.0
1,0.1299040599676593,0.007902419184214282,0.0
1,0.13002378510048215,0.00975029860841826,0.0
1,0.13014362057710363,0.009463229254676957,0.0
1,0.13026356649922122,0.01035430226032676,0.0
1,0.13038362296862624,0.009872675188406226,0.0
1,0.13050379008720386,0.009471736593905697,0.0
1,0.130624067956933,0.00966122953685139,0.0
1,0.13074445667988668,0.018233986549048852,0.0
1,0.130864956358232,0.009905437726802201,0.0
1,0.13098556709423012,0.012151835435702666,0.0
1,0.1311062889902366,0.004584346673081343,0.0
1,0.13122712214870122,0.0235626974685385,0.0
1,0.13134806667216822,0.014497961371546401,0.0
1,0.13146912266327632,0.005649276144503523,0.0
1,0.13159029022475885,0.009725690108545758,0.0
1,0.1317115694594439,0.008144741817709555,0.0
1,0.13183296047025425,0.014232504482359052,0.0
1,0.1319544633602075,0.014308068501172218,0.0
1,0.1320760782324163,0.007990580141233635,0.0
1,0.13219780519008822,0.009851353781767817,0.0
1,0.1323196443365261,0.006890296846528928,0.0
1,0.13244159577512787,0.014208196989174186,0.0
1,0.13256365960938676,0.006764911399876589,0.0
1,0.13268583594289143,0.015618620143868233,0.0
1,0.13280812487932595,0.010823709838773586,0.0
1,0.13293052652247006,0.015512953303314491,0.0
1,0.13305304097619905,0.00930474730570456,0.0
1,0.133175668344484,0.011422722898066699,0.0
1,0.1332984087313917,0.015321495495924823,0.0
1,0.13342126224108505,0.012126103229003492,0.0
1,0.1335442289778228,0.00788533071057437,0.0
1,0.13366730904595983,0.020544771674213372,0.0
1,0.13379050254994718,0.009515737601900958,0.0
1,0.13391380959433222,0.004876670204181356,0.0
1,0.13403723028375863,0.006916920670175789,0.0
1,0.1341607647229665,0.01359950458017009,0.0
1,0.13428441301679253,0.014852522849694008,0.0
1,0.13440817527016996,0.006223331273865553,0.0
1,0.1345320515881288,0.008072893371993621,0.0
1,0.13465604207579587,0.011319411872705623,0.0
1,0.13478014683839482,0.012847178038461405,0.0
1,0.1349043659812463,0.01379522953367639,0.0
1,0.13502869960976804,0.009172638629929479,0.0
1,0.135153147829475,0.009275969093798039,0.0
1,0.13527771074597922,0.00791506620951527,0.0
1,0.13540238846499023,0.0060286141471572975,0.0
1,0.13552718109231487,0.007461378788331032,0.0
1,0.1356520887338576,0.010920661902016075,0.0
1,0.1357771114956204,0.016357610795654925,0.0
1,0.13590224948370302,0.0070541611367842,0.0
1,0.13602750280430298,0.011208886340123866,0.0
1,0.13615287156371558,0.008047756023063896,0.0
1,0.1362783558683342,0.009331279460186085,0.0
1,0.13640395582465026,0.010734842860229028,0.0
1,0.1365296715392533,0.00814352719416733,0.0
1,0.1366555031188311,0.012107691214573724,0.0
1,0.13678145067016978,0.014756137692492241,0.0
1,0.1369075143001538,0.010619618037326124,0.0
1,0.1370336941157663,0.011334936526292992,0.0
1,0.13715999022408887,0.014113096040396629,0.0
1,0.13728640273230186,0.010516576608304996,0.0
1,0.13741293174768437,0.015334983480264068,0.0
1,0.13753957737761435,0.010265704739890254,0.0
1,0.13766633972956882,0.014177140866925684,0.0
1,0.13779321891112378,0.009154059541227616,0.0
1,0.13792021502995433,0.007325219944764973,0.0
1,0.1380473281938349,0.014817455287349481,0.0
1,0.13817455851063914,0.00284790145261917,0.0
1,0.1383019060883403,0.011954045444488613,0.0
1,0.138429371035011,0.00850034889763508,0.0
1,0.13855695345882343,0.010318198108949314,0.0
1,0.13868465346804962,0.010060899564137561,0.0
1,0.13881247117106124,0.00795256663410329,0.0
1,0.13894040667633,0.01091984836760346,0.0
1,0.13906846009242746,0.014613013233212067,0.0
1,0.13919663152802525,0.005002042575353121,0.0
1,0.1393249210918952,0.010998977319259915,0.0
1,0.13945332889290937,0.008331945384929866,0.0
1,0.1395818550400402,0.013791541862632983,0.0
1,0.1397104996423605,0.009456445599595095,0.0
1,0.1398392628090436,0.011827973040255279,0.0
1,0.13996814464936355,0.011158102052491752,0.0
1,0.14009714527269498,0.006376270272579368,0.0
1,0.14022626478851344,0.007958303830627062,0.0
1,0.14035550330639532,0.01329012972340679,0.0
1,0.14048486093601797,0.011885761761796612,0.0
1,0.14061433778715995,0.007170759833451298,0.0
1,0.14074393396970075,0.007039139845602357,0.0
1,0.14087364959362145,0.010271208069209167,0.0
1,0.14100348476900423,0.009775230476455414,0.0
1,0.14113343960603286,0.007345535003624981,0.0
1,0.1412635142149926,0.005814926489717426,0.0
1,0.14139370870627047,0.009181562913501981,0.0
1,0.14152402319035504,0.011911195161270278,0.0
1,0.1416544577778368,0.01166620946756874,0.0
1,0.14178501257940823,0.00923060645336322,0.0
1,0.14191568770586377,0.012953824472929507,0.0
1,0.14204648326809993,0.007741272655855052,0.0
1,0.14217739937711554,0.009053120511260924,0.0
1,0.1423084361440116,0.01053618643089224,0.0
1,0.14243959367999157,0.009234564095400114,0.0
1,0.14257087209636143,0.008639464197971698,0.0
1,0.14270227150452974,0.007763419420302215,0.0
1,0.14283379201600765,0.006654544057088054,0.0
1,0.1429654337424092,0.012040978867872762,0.0
1,0.14309719679545113,0.00953789866403854,0.0
1,0.1432290812869534,0.0067840967517508515,0.0
1,0.14336108732883882,0.012744683987360306,0.0
1,0.14349321503313345,0.012216864198675926,0.0
1,0.1436254645119665,0.019040734233393742,0.0
1,0.1437578358775706,0.008297438831705863,0.0
1,0.14389032924228187,0.021984669280561565,0.0
1,0.14402294471853985,0.00861092083693757,0.0
1,0.1441556824188878,0.011309931024965423,0.0
1,0.1442885424559726,0.006709356574776305,0.0
1,0.14442152494254507,0.008999811046892098,0.0
1,0.14455462999145988,0.00840867111120851,0.0
1,0.1446878577156757,0.005486049373810778,0.0
1,0.14482120822825534,0.01191328442663345,0.0
1,0.14495468164236583,0.009624432237536482,0.0
1,0.1450882780712784,0.008723985736068413,0.0
1,0.14522199762836882,0.010119769193926225,0.0
1,0.14535584042711727,0.01230343223148865,0.0
1,0.14548980658110852,0.02026624423513021,0.0
1,0.14562389620403204,0.009078796045753722,0.0
1,0.145758109409682,0.0055697797167938365,0.0
1,0.14589244631195766,0.010296490099334149,0.0
1,0.146026907024863,0.01566842928453839,0.0
1,0.14616149166250728,0.011281411142048045,0.0
1,0.14629620033910473,0.007074589920907479,0.0
1,0.146431033168975,0.012484612861582286,0.0
1,0.14656599026654307,0.007644885548631742,0.0
1,0.14670107174633937,0.0054708647669113155,0.0
1,0.14683627772299981,0.009255898797442935,0.0
1,0.1469716083112661,0.008005492281986087,0.0
1,0.14710706362598555,0.007526373947987323,0.0
1,0.14724264378211144,0.01242936601944889,0.0
1,0.14737834889470292,0.01309587259015919,0.0
1,0.14751417907892522,0.006149017482659439,0.0
1,0.1476501344500497,0.00947914432684726,0.0
1,0.14778621512345394,0.009961199075184536,0.0
1,0.1479224212146219,0.007570226319557911,0.0
1,0.14805875283914396,0.01263193816829184,0.0
1,0.14819521011271694,0.00995497075030952,0.0
1,0.14833179315114453,0.009251744785668682,0.0
1,0.14846850207033682,0.007730978514118716,0.0
1,0.14860533698631104,0.010845555515195116,0.0
1,0.14874229801519115,0.005536800597499207,0.0
1,0.14887938527320815,0.008151191369691294,0.0
1,0.14901659887670027,0.012415855169227576,0.0
1,0.1491539389421129,0.015525507646143268,0.0
1,0.14929140558599874,0.007053154289870192,0.0
1,0.1494289989250179,0.014091438662306364,0.0
1,0.14956671907593802,0.01096475926506169,0.0
1,0.1497045661556344,0.010902950063493054,0.0
1,0.14984254028109004,0.009296369697574419,0.0
1,0.1499806415693957,0.009558193119985056,0.0
1,0.1501188701377501,0.01122524739860781,0.0
1,0.15025722610345996,0.00923645131647268,0.0
1,0.15039570958394016,0.007039176189791174,0.0
1,0.15053432069671377,0.009424257090062367,0.0
1,0.15067305955941215,0.010193571703446092,0.0
1,0.15081192628977508,0.006865927225285803,0.0
1,0.1509509210056508,0.009548084355000265,0.0
1,0.15109004382499638,0.015347427180645119,0.0
1,0.15122929486587733,0.008538129679701674,0.0
1,0.15136867424646816,0.008061488698901472,0.0
1,0.1515081820850522,0.010635934732993079,0.0
1,0.1516478185000218,0.00666492752713264,0.0
1,0.1517875836098785,0.006558791437332805,0.0
1,0.15192747753323302,0.01276474065079215,0.0
1,0.15206750038880534,0.008562650761226353,0.0
1,0.1522076522954249,0.007011045892013947,0.0
1,0.15234793337203065,0.009948356628593174,0.0
1,0.15248834373767126,0.012608745872821918,0.0
1,0.15262888351150491,0.007586244456455433,0.0
1,0.1527695528127998,0.003380101611206532,0.0
1,0.15291035176093398,0.011613945019156888,0.0
1,0.1530512804753954,0.012488088564269651,0.0
1,0.1531923390757824,0.015348485426892936,0.0
1,0.15333352768180333,0.01137630703314894,0.0
1,0.15347484641327697,0.009432399833799338,0.0
1,0.15361629539013244,0.012606581700404636,0.0
1,0.15375787473240946,0.006999733091213313,0.0
1,0.15389958456025843,0.01394716214298469,0.0
1,0.15404142499394038,0.007594653138394442,0.0
1,0.15418339615382726,0.0074885947700415855,0.0
1,0.15432549816040192,0.01095530369160303,0.0
1,0.15446773113425818,0.010178276940249833,0.0
1,0.15461009519610122,0.008820890495192635,0.0
1,0.15475259046674725,0.009522854369643868,0.0
1,0.1548952170671239,0.00753897000013248,0.0
1,0.1550379751182703,0.010240540680099166,0.0
1,0.15518086474133705,0.010371818796901277,0.0
1,0.1553238860575865,0.008674151402769925,0.0
1,0.15546703918839272,0.007315408210862847,0.0
1,0.15561032425524157,0.009223478351332436,0.0
1,0.15575374137973105,0.013497002843781379,0.0
1,0.15589729068357103,0.015078353846554605,0.0
1,0.15604097228858368,0.008301035493159432,0.0
1,0.15618478631670346,0.011967627564682583,0.0
1,0.15632873288997706,0.007291818815588433,0.0
1,0.1564728121305639,0.007119494008759295,0.0
1,0.1566170241607357,0.00893439012616391,0.0
1,0.1567613691028771,0.015021157634816821,0.0
1,0.15690584707948543,0.012447353469109206,0.0
1,0.15705045821317093,0.008550944574483941,0.0
1,0.1571952026266569,0.015412288549329233,0.0
1,0.15734008044277964,0.003035859481154571,0.0
1,0.15748509178448877,0.007979849033349537,0.0
1,0.15763023677484714,0.007299331198801923,0.0
1,0.157775515537031,0.01408082659307426,0.0
1,0.15792092819433035,0.005025975567970154,0.0
1,0.1580664748701485,0.012140327301291744,0.0
1,0.1582121556880027,0.00846660048850523,0.0
1,0.158357970771524,0.010792455262573683,0.0
1,0.15850392024445728,0.010145815949229404,0.0
1,0.1586500042306617,0.010323067340547797,0.0
1,0.15879622285411038,0.007062018543632266,0.0
1,0.15894257623889074,0.012553445701472217,0.0
1,0.1590890645092046,0.012874903504794883,0.0
1,0.15923568778936817,0.012717010079744915,0.0
1,0.1593824462038124,0.01965762966898361,0.0
1,0.1595293398770828,0.011142130411466939,0.0
1,0.1596763689338396,0.00900306962198184,0.0
1,0.1598235334988581,0.006269168818542062,0.0
1,0.15997083369702841,0.008859471325959342,0.0
1,0.16011826965335596,0.010580930366394481,0.0
1,0.1602658414929612,0.008669002764012411,0.0
1,0.16041354934107996,0.008617279663944245,0.0
1,0.1605613933230635,0.007133767041588966,0.0
1,0.1607093735643786,0.008601239726689787,0.0
1,0.1608574901906077,0.024332753125229388,0.0
1,0.16100574332744896,0.006720797621814141,0.0
1,0.16115413310071644,0.0064096273374095155,0.0
1,0.16130265963634002,0.015069927696411349,0.0
1,0.16145132306036578,0.007860263593526819,0.0
1,0.16160012349895592,0.0063895055982742584,0.0
1,0.16174906107838893,0.009380827279797783,0.0
1,0.16189813592505967,0.007262757308540547,0.0
1,0.16204734816547947,0.008051696434976564,0.0
1,0.16219669792627625,0.005421174138058827,0.0
1,0.16234618533419473,0.01211887359012297,0.0
1,0.16249581051609638,0.008284166194288607,0.0
1,0.16264557359895954,0.008754374710078394,0.0
1,0.16279547470987968,0.008516003310289054,0.0
1,0.16294551397606927,0.015793573297457772,0.0
1,0.1630956915248582,0.0062825750035541954,0.0
1,0.1632460074836936,0.01016391153386505,0.0
1,0.1633964619801401,0.008528416903484928,0.0
1,0.16354705514187984,0.007319379270128323,0.0
1,0.16369778709671265,0.008262233429802408,0.0
1,0.16384865797255627,0.01228837983587412,0.0
1,0.1639996678974462,0.01197789992121028,0.0
1,0.16415081699953593,0.006086479707379022,0.0
1,0.16430210540709725,0.005546287724973101,0.0
1,0.16445353324851986,0.016848747532722495,0.0
1,0.1646051006523121,0.003962911670233798,0.0
1,0.16475680774710055,0.00752653928172249,0.0
1,0.16490865466163038,0.005297804709750829,0.0
1,0.16506064152476557,0.014073976582400857,0.0
1,0.16521276846548855,0.007853221597205457,0.0
1,0.16536503561290095,0.007871763527939269,0.0
1,0.16551744309622318,0.009348850355479615,0.0
1,0.1656699910447948,0.008735834854092994,0.0
1,0.16582267958807465,0.008390135589885217,0.0
1,0.1659755088556408,0.008762622986366393,0.0
1,0.16612847897719074,0.006468233562051437,0.0
1,0.16628159008254154,0.012949914126637723,0.0
1,0.16643484230162986,0.010076852278854426,0.0
1,0.1665882357645122,0.006054954084156675,0.0
1,0.16674177060136486,0.011214706695542278,0.0
1,0.16689544694248412,0.013458653028105484,0.0
1,0.1670492649182864,0.008620423875181419,0.0
1,0.16720322465930818,0.009861408648958873,0.0
1,0.16735732629620645,0.009247050756098708,0.0
1,0.16751156995975847,0.011891625281405135,0.0
1,0.16766595578086207,0.006923175839445753,0.0
1,0.16782048389053572,0.009971471348853088,0.0
1,0.16797515441991864,0.06510779263164218,0.0
1,0.16812996750027095,0.010755060939321803,0.0
1,0.16828492326297373,0.009552704603165027,0.0
1,0.16844002183952908,0.007942865157379414,0.0
1,0.16859526336156036,0.010429881157584855,0.0
1,0.1687506479608122,0.00645403898888165,0.0
1,0.1689061757691508,0.01202438096897984,0.0
1,0.16906184691856366,0.006823688070674577,0.0
1,0.16921766154116008,0.027933653490477023,0.0
1,0.1693736197691711,0.007460929619756533,0.0
1,0.16952972173494948,0.008294924270098774,0.0
1,0.16968596757097026,0.010879736198401454,0.0
1,0.16984235740983034,0.010374574758756326,0.0
1,0.16999889138424887,0.011350274238233954,0.0
1,0.17015556962706735,0.011419244557673496,0.0
1,0.17031239227124967,0.01663143013014257,0.0
1,0.17046935944988234,0.011520046422586562,0.0
1,0.1706264712961745,0.007389270768273652,0.0
1,0.17078372794345803,0.00752299470090169,0.0
1,0.1709411295251877,0.011928505213331981,0.0
1,0.17109867617494123,0.008279339534636714,0.0
1,0.17125636802641964,0.012781949422167916,0.0
1,0.17141420521344697,0.009757236728971209,0.0
1,0.17157218786997067,0.011509554384311522,0.0
1,0.17173031613006168,0.00940939035475664,0.0
1,0.17188859012791438,0.012054586087494996,0.0
1,0.17204700999784703,0.012357448418384315,0.0
1,0.17220557587430152,0.011894937708589539,0.0
1,0.17236428789184371,0.007506880128248894,0.0
1,0.17252314618516346,0.008046842406381685,0.0
1,0.17268215088907474,0.00838218639626106,0.0
1,0.17284130213851592,0.009060905491124184,0.0
1,0.17300060006854953,0.006836804204264543,0.0
1,0.17316004481436265,0.014845098496352254,0.0
1,0.17331963651126714,0.010732474961162152,0.0
1,0.17347937529469917,0.013847380099184977,0.0
1,0.17363926130022014,0.010663587364895656,0.0
1,0.17379929466351615,0.011076956689343937,0.0
1,0.17395947552039842,0.010184665051397158,0.0
1,0.1741198040068034,0.009440636028176451,0.0
1,0.17428028025879272,0.009891504344692702,0.0
1,0.17444090441255347,0.010551898357850531,0.0
1,0.17460167660439824,0.003969811221614787,0.0
1,0.17476259697076518,0.01042832655375488,0.0
1,0.1749236656482184,0.008016874677743582,0.0
1,0.17508488277344766,0.008501064658434067,0.0
1,0.17524624848326878,0.013081327031533444,0.0
1,0.17540776291462368,0.014614681821852882,0.0
1,0.1755694262045804,0.010381402026099945,0.0
1,0.17573123849033354,0.011971715198479812,0.0
1,0.17589319990920388,0.008615590893519515,0.0
1,0.17605531059863894,0.009236056057798932,0.0
1,0.1762175706962128,0.010148467548855598,0.0
1,0.17637998033962635,0.007137960752724222,0.0
1,0.17654253966670752,0.004433138526067357,0.0
1,0.17670524881541116,0.009380377061095095,0.0
1,0.17686810792381924,0.011164984814228056,0.0
1,0.17703111713014105,0.01278853576243784,0.0
1,0.1771942765727132,0.005913278012772638,0.0
1,0.17735758638999988,0.010129938371701768,0.0
1,0.17752104672059288,0.011037092456511402,0.0
1,0.17768465770321165,0.007866605999414394,0.0
1,0.17784841947670357,0.015856819737031545,0.0
1,0.17801233218004386,0.02023059149209233,0.0
1,0.17817639595233603,0.004105538496644638,0.0
1,0.17834061093281167,0.0058248662518118974,0.0
1,0.17850497726083064,0.009110199739890527,0.0
1,0.17866949507588134,0.013950534437188706,0.0
1,0.17883416451758066,0.01076095723228345,0.0
1,0.17899898572567427,0.015182173200470312,0.0
1,0.17916395884003652,0.009249849204417494,0.0
1,0.17932908400067066,0.008979073763030282,0.0
1,0.17949436134770919,0.008293324990775772,0.0
1,0.1796597910214134,0.013806189647853802,0.0
1,0.17982537316217426,0.011096153339108822,0.0
1,0.17999110791051176,0.006781996287385613,0.0
1,0.1801569954070756,0.00834863691933839,0.0
1,0.18032303579264522,0.016412026253692893,0.0
1,0.18048922920812943,0.02284689437048112,0.0
1,0.18065557579456729,0.014840877073711413,0.0
1,0.18082207569312767,0.015429052880297424,0.0
1,0.18098872904510951,0.018164969010264025,0.0
1,0.18115553599194217,0.0073168403667900695,0.0
1,0.18132249667518507,0.013223022655061915,0.0
1,0.18148961123652838,0.01539137840210149,0.0
1,0.1816568798177927,0.010648044826372868,0.0
1,0.1818243025609293,0.004690639554550639,0.0
1,0.1819918796080205,0.0105760289112363,0.0
1,0.1821596111012792,0.009763023929623686,0.0
1,0.1823274971830498,0.009988496133365412,0.0
1,0.1824955379958076,0.0075776919021028465,0.0
1,0.1826637336821592,0.011313494477148137,0.0
1,0.18283208438484294,0.013209726677386749,0.0
1,0.18300059024672824,0.015276385670653654,0.0
1,0.1831692514108166,0.009838992699785647,0.0
1,0.18333806802024116,0.007871373193647503,0.0
1,0.18350704021826694,0.008590683565010235,0.0
1,0.18367616814829113,0.009962756358168151,0.0
1,0.18384545195384283,0.00727861813022092,0.0
1,0.18401489177858377,0.007836029156150918,0.0
1,0.18418448776630778,0.016381080246841928,0.0
1,0.18435424006094134,0.011423900219080213,0.0
1,0.18452414880654372,0.00874232820691494,0.0
1,0.1846942141473066,0.004773439934690957,0.0
1,0.18486443622755497,0.011326247366206754,0.0
1,0.18503481519174653,0.006380045606191411,0.0
1,0.1852053511844722,0.007569159057225665,0.0
1,0.18537604435045635,0.009201050747505794,0.0
1,0.18554689483455633,0.008010803735495394,0.0
1,0.18571790278176342,0.00504858957905417,0.0
1,0.1858890683372023,0.011600249140525537,0.0
1,0.18606039164613142,0.011568131874955243,0.0
1,0.18623187285394324,0.006821450865537597,0.0
1,0.18640351210616396,0.0061809923044761446,0.0
1,0.18657530954845417,0.008121925733658868,0.0
1,0.1867472653266086,0.011012186348452122,0.0
1,0.18691937958655624,0.010893023393275377,0.0
1,0.18709165247436083,0.007651157312337606,0.0
1,0.1872640841362205,0.009811115728758021,0.0
1,0.18743667471846823,0.007994363920959147,0.0
1,0.1876094243675718,0.005212597096722209,0.0
1,0.18778233323013405,0.01085807146364279,0.0
1,0.1879554014528929,0.00789756530330114,0.0
1,0.18812862918272155,0.011049570167760493,0.0
1,0.1883020165666285,0.006445212776443583,0.0
1,0.1884755637517578,0.008851897930690933,0.0
1,0.18864927088538902,0.015916746023196385,0.0
1,0.1888231381149376,0.013471091144168973,0.0
1,0.18899716558795476,0.010035408282722142,0.0
1,0.18917135345212766,0.0050663228338613,0.0
1,0.18934570185527982,0.010099708404327924,0.0
1,0.1895202109453706,0.015918634470819686,0.0
1,0.18969488087049613,0.014149147016120875,0.0
1,0.18986971177888878,0.017024750003332846,0.0
1,0.19004470381891755,0.008842104421847345,0.0
1,0.1902198571390884,0.011401343199841641,0.0
1,0.1903951718880438,0.012323832132389762,0.0
1,0.19057064821456357,0.011011237856617083,0.0
1,0.19074628626756443,0.010882930782449571,0.0
1,0.1909220861961004,0.014416799000882207,0.0
1,0.19109804814936301,0.0069320311129162995,0.0
1,0.191274172276681,0.011475239104674025,0.0
1,0.19145045872752103,0.012832306477644473,0.0
1,0.19162690765148735,0.009937342691083166,0.0
1,0.19180351919832211,0.007853706786616114,0.0
1,0.19198029351790563,0.00902042605088128,0.0
1,0.192157230760256,0.011425271817750672,0.0
1,0.19233433107553002,0.009833910703203509,0.0
1,0.19251159461402256,0.005591315714328635,0.0
1,0.1926890215261671,0.008561914776612906,0.0
1,0.19286661196253588,0.006857943089433203,0.0
1,0.19304436607383968,0.010945500748397686,0.0
1,0.1932222840109284,0.009207135601259901,0.0
1,0.19340036592479087,0.01127185428003745,0.0
1,0.19357861196655504,0.008003170969435184,0.0
1,0.19375702228748834,0.009240729496658953,0.0
1,0.19393559703899726,0.010779346350893547,0.0
1,0.19411433637262823,0.010979035631708857,0.0
1,0.19429324044006707,0.009975885509286991,0.0
1,0.1944723093931395,0.020363178646386842,0.0
1,0.19465154338381127,0.007807835289403422,0.0
1,0.19483094256418793,0.008842189660326504,0.0
1,0.19501050708651546,0.008537332761100544,0.0
1,0.19519023710318006,0.0067680286705066785,0.0
1,0.19537013276670834,0.009999495181266232,0.0
1,0.19555019422976766,0.014136702014238348,0.0
1,0.19573042164516574,0.004511288091694413,0.0
1,0.19591081516585154,0.006110450374294357,0.0
1,0.1960913749449147,0.010115731201687331,0.0
1,0.196272101135586,0.009649303017103183,0.0
1,0.1964529938912376,0.011508994821816138,0.0
1,0.19663405336538287,0.00775976467232431,0.0
1,0.19681527971167664,0.011157070693677799,0.0
1,0.1969966730839155,0.01050621911269047,0.0
1,0.19717823363603756,0.005940415178396399,0.0
1,0.19735996152212312,0.010355677736151078,0.0
1,0.1975418568963942,0.009106514439728354,0.0
1,0.1977239199132151,0.01025029138202862,0.0
1,0.1979061507270924,0.019124419791971776,0.0
1,0.19808854949267488,0.01420869812345833,0.0
1,0.1982711163647542,0.010302609851236448,0.0
1,0.19845385149826442,0.010005015399832692,0.0
1,0.19863675504828243,0.010206844417673016,0.0
1,0.19881982717002813,0.009264550918917246,0.0
1,0.19900306801886433,0.020445054628535807,0.0
1,0.19918647775029727,0.010797590130673008,0.0
1,0.1993700565199763,0.008907006390202763,0.0
1,0.19955380448369422,0.007056326853374375,0.0
1,0.1997377217973877,0.017153280750504506,0.0
1,0.19992180861713663,0.016919568035494364,0.0
1,0.20010606509916523,0.00912349006011256,0.0
1,0.20029049139984148,0.007857727828165248,0.0
1,0.2004750876756774,0.010812977236058233,0.0
1,0.20065985408332954,0.013417437721682888,0.0
1,0.20084479077959844,0.013124255007410168,0.0
1,0.20102989792142953,0.00802282267528813,0.0
1,0.20121517566591268,0.008965431270956874,0.0
1,0.2014006241702825,0.011851597639138477,0.0
1,0.2015862435919188,0.007196160028204601,0.0
1,0.20177203408834596,0.00737469466460978,0.0
1,0.20195799581723406,0.007797624556919272,0.0
1,0.20214412893639813,0.012131329626361344,0.0
1,0.20233043360379876,0.012450131269354292,0.0
1,0.2025169099775423,0.011039910523888766,0.0
1,0.20270355821588038,0.00834922729074394,0.0
1,0.20289037847721098,0.0145404968208333,0.0
1,0.20307737092007777,0.01134215369928445,0.0
1,0.20326453570317055,0.012770394585981351,0.0
1,0.20345187298532558,0.009892553808326897,0.0
1,0.2036393829255252,0.016549000584697725,0.0
1,0.20382706568289854,0.015263390375723957,0.0
1,0.2040149214167213,0.00849421999672044,0.0
1,0.2042029502864159,0.007653659348757849,0.0
1,0.2043911524515519,0.013327438147708232,0.0
1,0.20457952807184557,0.009529977189632948,0.0
1,0.20476807730716076,0.00439049499618137,0.0
1,0.20495680031750843,0.014112774689734505,0.0
1,0.20514569726304704,0.012904910813289597,0.0
1,0.20533476830408287,0.010462084289910722,0.0
1,0.20552401360106953,0.01012944700268492,0.0
1,0.20571343331460892,0.011399032069229405,0.0
1,0.2059030276054507,0.013907512283662493,0.0
1,0.2060927966344928,0.010024876611238295,0.0
1,0.20628274056278148,0.012765384948211136,0.0
1,0.2064728595515112,0.010321464666051825,0.0
1,0.2066631537620253,0.00812229628016413,0.0
1,0.2068536233558156,0.0176831832366443,0.0
1,0.2070442684945228,0.010923643933929562,0.0
1,0.20723508933993662,0.008511687897913095,0.0
1,0.2074260860539959,0.00838995735536377,0.0
1,0.20761725879878867,0.00945312800271778,0.0
1,0.20780860773655238,0.009734953750054806,0.0
1,0.20800013302967393,0.007859009734145146,0.0
1,0.2081918348406901,0.006804506347366293,0.0
1,0.20838371333228722,0.011277787952092286,0.0
1,0.2085757686673017,0.0066775455176581846,0.0
1,0.20876800100871998,0.008280599649660861,0.0
1,0.20896041051967867,0.010893919757691025,0.0
1,0.20915299736346493,0.008731082451896764,0.0
1,0.20934576170351615,0.009686835794236745,0.0
1,0.2095387037034205,0.008178443350364042,0.0
1,0.20973182352691694,0.008094656615759432,0.0
1,0.20992512133789518,0.010548046153255428,0.0
1,0.21011859730039623,0.01651568107595829,0.0
1,0.21031225157861208,0.010645759838412382,0.0
1,0.21050608433688603,0.008133182440782325,0.0
1,0.21070009573971316,0.009434011227541674,0.0
1,0.21089428595173962,0.011302285627182194,0.0
1,0.21108865513776384,0.010859117046290818,0.0
1,0.21128320346273582,0.01170565146901086,0.0
1,0.21147793109175766,0.009997313390482392,0.0
1,0.21167283819008373,0.007947713579535158,0.0
1,0.21186792492312043,0.008711676673476113,0.0
1,0.21206319145642694,0.01131601461283275,0.0
1,0.2122586379557148,0.010828504478375335,0.0
1,0.21245426458684835,0.012682490253874336,0.0
1,0.2126500715158449,0.016887691812363624,0.0
1,0.21284605890887448,0.005866793447046849,0.0
1,0.2130422269322606,0.010491018229159424,0.0
1,0.21323857575247987,0.01021789651804383,0.0
1,0.21343510553616232,0.011295737653815325,0.0
1,0.2136318164500918,0.006857274634947394,0.0
1,0.21382870866120543,0.008429521892479138,0.0
1,0.21402578233659464,0.014529004311360647,0.0
1,0.21422303764350456,0.014604511150221594,0.0
1,0.21442047474933454,0.006206016492759274,0.0
1,0.2146180938216384,0.015038365828067233,0.0
1,0.21481589502812398,0.00980086300191228,0.0
1,0.2150138785366541,0.013440482266950408,0.0
1,0.2152120445152461,0.021236140231880803,0.0
1,0.21541039313207203,0.009503558572919681,0.0
1,0.21560892455545935,0.006454561519672082,0.0
1,0.21580763895389013,0.011181238736426421,0.0
1,0.21600653649600218,0.011349673065573418,0.0
1,0.2162056173505885,0.015994669534134993,0.0
1,0.21640488168659758,0.010340386658643202,0.0
1,0.21660432967313398,0.009808138992481797,0.0
1,0.2168039614794576,0.009824266496895216,0.0
1,0.2170037772749848,0.013054450376783317,0.0
1,0.21720377722928783,0.014463913672816388,0.0
1,0.21740396151209526,0.011370793852363113,0.0
1,0.21760433029329224,0.0114274216340436,0.0
1,0.21780488374292017,0.008594216752178377,0.0
1,0.21800562203117754,0.014822108123282477,0.0
1,0.21820654532841946,0.013230388929228412,0.0
1,0.21840765380515806,0.01563677168006368,0.0
1,0.21860894763206282,0.01634098220412604,0.0
1,0.21881042697996025,0.012653933323444826,0.0
1,0.2190120920198345,0.009309026203973975,0.0
1,0.2192139429228272,0.010713812636048746,0.0
1,0.21941597986023767,0.007210238960393385,0.0
1,0.2196182030035233,0.007137959181409576,0.0
1,0.21982061252429935,0.010093780062899254,0.0
1,0.22002320859433924,0.012948422668714703,0.0
1,0.22022599138557478,0.006925196149667317,0.0
1,0.22042896107009613,0.01108813009411465,0.0
1,0.22063211782015224,0.01571996608826028,0.0
1,0.22083546180815064,0.01606194240009799,0.0
1,0.2210389932066578,0.008727311684144564,0.0
1,0.22124271218839936,0.012923598940116417,0.0
1,0.22144661892625986,0.006533570739021197,0.0
1,0.2216507135932835,0.011201202464545661,0.0
1,0.2218549963626738,0.00798106222297508,0.0
1,0.22205946740779392,0.007580796623604454,0.0
1,0.2222641269021669,0.012856974988513974,0.0
1,0.22246897501947546,0.014216239646717144,0.0
1,0.2226740119335627,0.013771132276023067,0.0
1,0.22287923781843177,0.011996367906403882,0.0
1,0.22308465284824613,0.012001091823680572,0.0
1,0.22329025719733003,0.01327992355887399,0.0
1,0.22349605104016798,0.009103054524569222,0.0
1,0.22370203455140567,0.011693960639899699,0.0
1,0.22390820790584956,0.015008344113694084,0.0
1,0.2241145712784672,0.005035616457725409,0.0
1,0.22432112484438763,0.01441453518865612,0.0
1,0.2245278687789009,0.006821680416131581,0.0
1,0.224734803257459,0.011371983584579236,0.0
1,0.22494192845567543,0.009999733206522428,0.0
1,0.2251492445493255,0.008675005595540198,0.0
1,0.2253567517143468,0.00639797642975173,0.0
1,0.2255644501268386,0.014080346310155617,0.0
1,0.22577233996306292,0.009223943111267821,0.0
1,0.22598042139944402,0.0134227772926749,0.0
1,0.2261886946125687,0.007283460924763372,0.0
1,0.22639715977918684,0.008381646910920765,0.0
1,0.2266058170762107,0.010350699333746534,0.0
1,0.226814666680716,0.015204048900110156,0.0
1,0.22702370876994157,0.009900771289982952,0.0
1,0.22723294352128948,0.010968864574242123,0.0
1,0.2274423711123255,0.010139324059965059,0.0
1,0.22765199172077868,0.010766682514559254,0.0
1,0.22786180552454238,0.015012697032528723,0.0
1,0.22807181270167354,0.006405391443330529,0.0
1,0.22828201343039325,0.009182114348911214,0.0
1,0.22849240788908712,0.015715575017118455,0.0
1,0.22870299625630475,0.011985061988350466,0.0
1,0.22891377871076068,0.011773521063054983,0.0
1,0.22912475543133395,0.012160378626325803,0.0
1,0.22933592659706845,0.012172423559716029,0.0
1,0.22954729238717334,0.010030675696634066,0.0
1,0.2297588529810225,0.006199307498438407,0.0
1,0.2299706085581556,0.011866555771739137,0.0
1,0.23018255929827747,0.00791754319410317,0.0
1,0.23039470538125859,0.012607196409262724,0.0
1,0.23060704698713544,0.016173915619870565,0.0
1,0.23081958429611021,0.00819356281214095,0.0
1,0.23103231748855124,0.010964197301117752,0.0
1,0.2312452467449931,0.011173954387606518,0.0
1,0.2314583722461367,0.009122403920902161,0.0
1,0.2316716941728496,0.008899356689953801,0.0
1,0.23188521270616602,0.009178699075951964,0.0
1,0.232098928027287,0.009893280042409056,0.0
1,0.23231284031758054,0.009836402822588434,0.0
1,0.2325269497585818,0.013856464601503025,0.0
1,0.23274125653199346,0.007647112339657205,0.0
1,0.2329557608196854,0.013836322960547279,0.0
1,0.23317046280369516,0.015015720266707782,0.0
1,0.23338536266622834,0.01143624913493057,0.0
1,0.23360046058965794,0.006790979424821598,0.0
1,0.23381575675652555,0.014249367005350521,0.0
1,0.23403125134954078,0.017522257440612216,0.0
1,0.23424694455158152,0.01360799729155247,0.0
1,0.23446283654569455,0.010318446160251751,0.0
1,0.2346789275150949,0.00988194638718693,0.0
1,0.23489521764316684,0.011789076988836196,0.0
1,0.2351117071134635,0.009011586320306358,0.0
1,0.23532839610970713,0.012136817509715299,0.0
1,0.2355452848157895,0.008309601788020711,0.0
1,0.23576237341577155,0.008093471541426435,0.0
1,0.23597966209388418,0.009264633381666842,0.0
1,0.2361971510345279,0.012678430399995038,0.0
1,0.23641484042227318,0.00627607115515774,0.0
1,0.23663273044186076,0.010859942443957984,0.0
1,0.23685082127820134,0.007269435906836364,0.0
1,0.23706911311637635,0.012249258355757166,0.0
1,0.23728760614163763,0.011974206503777675,0.0
1,0.23750630053940774,0.012934031343861375,0.0
1,0.23772519649528037,0.01657390879148594,0.0
1,0.23794429419501983,0.008500150224261383,0.0
1,0.2381635938245621,0.009835246685619498,0.0
1,0.2383830955700142,0.010752107311323797,0.0
1,0.23860279961765476,0.008698681241339747,0.0
1,0.2388227061539343,0.017001152589672514,0.0
1,0.23904281536547478,0.00903666440034018,0.0
1,0.23926312743907055,0.01069027581545058,0.0
1,0.2394836425616879,0.00933697862646641,0.0
1,0.23970436092046538,0.009989694323743534,0.0
1,0.23992528270271432,0.01023785633378041,0.0
1,0.24014640809591828,0.012092106077834654,0.0
1,0.24036773728773395,0.010852100991904845,0.0
1,0.24058927046599082,0.021879252610130805,0.0
1,0.2408110078186914,0.009235621117793387,0.0
1,0.24103294953401186,0.012697666169670456,0.0
1,0.24125509580030116,0.007871509018616857,0.0
1,0.24147744680608246,0.013221566459337935,0.0
1,0.24170000274005238,0.010266186839976765,0.0
1,0.24192276379108138,0.008985685713857931,0.0
1,0.24214573014821428,0.010282177417820072,0.0
1,0.24236890200066988,0.009320944206036495,0.0
1,0.24259227953784143,0.01040802613405397,0.0
1,0.24281586294929677,0.007886317392988574,0.0
1,0.2430396524247784,0.011662889385418778,0.0
1,0.24326364815420384,0.012057773521365294,0.0
1,0.24348785032766546,0.010672336226745238,0.0
1,0.2437122591354309,0.009918639974880282,0.0
1,0.24393687476794318,0.007622304282618653,0.0
1,0.24416169741582078,0.012323508294270128,0.0
1,0.244386727269858,0.007571034273149003,0.0
1,0.24461196452102485,0.0131350135855578,0.0
1,0.24483740936046738,0.008603135939672832,0.0
1,0.24506306197950783,0.009832914328256562,0.0
1,0.24528892256964466,0.010117977064387372,0.0
1,0.24551499132255308,0.012142885774659183,0.0
1,0.2457412684300847,0.007446919473142016,0.0
1,0.24596775408426802,0.011457314664633787,0.0
1,0.2461944484773087,0.007905412746406158,0.0
1,0.24642135180158917,0.012450870111472669,0.0
1,0.24664846424966955,0.010522222689719508,0.0
1,0.2468757860142872,0.00970315744787588,0.0
1,0.24710331728835716,0.00800911686236805,0.0
1,0.24733105826497245,0.014635619807535043,0.0
1,0.2475590091374037,0.010509583345040386,0.0
1,0.24778717009909998,0.014559021572520684,0.0
1,0.2480155413436885,0.010436664497789192,0.0
1,0.2482441230649749,0.010165901889094558,0.0
1,0.2484729154569437,0.011084955298212412,0.0
1,0.2487019187137577,0.012442650072403342,0.0
1,0.24893113302975925,0.010440885220451982,0.0
1,0.24916055859946934,0.008788014591824805,0.0
1,0.24939019561758838,0.015554554022416872,0.0
1,0.2496200442789965,0.008158723615804723,0.0
1,0.24985010477875289,0.010869594996198386,0.0
1,0.25008037731209704,0.012438349582660569,0.0
1,0.2503108620744481,0.011943266674747065,0.0
1,0.2505415592614053,0.007238757623184614,0.0
1,0.2507724690687485,0.01708333151384334,0.0
1,0.2510035916924374,0.010432518303630242,0.0
1,0.25123492732861286,0.016954344566111692,0.0
1,0.2514664761735962,0.009750820292435378,0.0
1,0.2516982384238898,0.009378834024939999,0.0
1,0.2519302142761772,0.030660711664493214,0.0
1,0.25216240392732286,0.016472012927688504,0.0
1,0.2523948075743732,0.011016671943792274,0.0
1,0.2526274254145559,0.009881885925432203,0.0
1,0.2528602576452805,0.01138134880854895,0.0
1,0.2530933044641386,0.008161715020982662,0.0
1,0.2533265660689035,0.007811037347915012,0.0
1,0.2535600426575314,0.014210117060554986,0.0
1,0.25379373442816044,0.011266877801442008,0.0
1,0.25402764157911156,0.011809024737262213,0.0
1,0.2542617643088886,0.013592818773012452,0.0
1,0.25449610281617796,0.008456046937187697,0.0
1,0.2547306572998496,0.012287971843809668,0.0
1,0.2549654279589566,0.00802789214986573,0.0
1,0.2552004149927353,0.010511029244574416,0.0
1,0.2554356186006061,0.011928973816034999,0.0
1,0.2556710389821728,0.015563244271853141,0.0
1,0.2559066763372233,0.011564056647169571,0.0
1,0.25614253086572963,0.018459504525892848,0.0
1,0.25637860276784813,0.017173869954806388,0.0
1,0.25661489224391965,0.010838663844543026,0.0
1,0.2568513994944696,0.01218456808278833,0.0
1,0.25708812472020826,0.014247543560813087,0.0
1,0.25732506812203093,0.01425293927876857,0.0
1,0.25756222990101785,0.014895112828911573,0.0
1,0.2577996102584349,0.012087330723861497,0.0
1,0.2580372093957333,0.011088540555886473,0.0
1,0.2582750275145499,0.011759780155859594,0.0
1,0.2585130648167074,0.01779375777762346,0.0
1,0.2587513215042145,0.009456457473055105,0.0
1,0.25898979777926623,0.01103660254486113,0.0
1,0.2592284938442438,0.015778097387023057,0.0
1,0.2594674099017149,0.013453703198391393,0.0
1,0.2597065461544343,0.012634371744957396,0.0
1,0.25994590280534297,0.015396914719564189,0.0
1,0.26018548005756953,0.01085327919897112,0.0
1,0.26042527811442956,0.011007974424335607,0.0
1,0.260665297179426,0.01303480059612936,0.0
1,0.26090553745624945,0.011890610842954306,0.0
1,0.26114599914877806,0.016837707481461434,0.0
1,0.2613866824610782,0.0157466414662446,0.0
1,0.26162758759740395,0.01196106893364149,0.0
1,0.26186871476219786,0.010913323414183478,0.0
1,0.26211006416009097,0.012026626614478755,0.0
1,0.26235163599590255,0.011626219506133066,0.0
1,0.2625934304746412,0.011055675247344417,0.0
1,0.26283544780150386,0.007319064413284092,0.0
1,0.26307768818187705,0.011202738541900579,0.0
1,0.2633201518213365,0.015563525524038519,0.0
1,0.2635628389256471,0.010922763798270094,0.0
1,0.2638057497007637,0.008810028183075223,0.0
1,0.26404888435283097,0.012760280318965537,0.0
1,0.2642922430881833,0.009860654190058882,0.0
1,0.26453582611334564,0.011161441227898918,0.0
1,0.2647796336350328,0.008574408748242807,0.0
1,0.26502366586015064,0.0115209880661716,0.0
1,0.26526792299579527,0.012684205103648611,0.0
1,0.26551240524925385,0.013631877388621923,0.0
1,0.2657571128280047,0.00881363817128482,0.0
1,0.26600204593971705,0.012368997486902473,0.0
1,0.2662472047922519,0.007912234271963662,0.0
1,0.2664925895936615,0.013237881713989676,0.0
1,0.26673820055219,0.007165504770144434,0.0
1,0.26698403787627367,0.01447758139914702,0.0
1,0.2672301017745404,0.009832364522316644,0.0
1,0.2674763924558108,0.011531893182660164,0.0
1,0.2677229101290977,0.006851724397149069,0.0
1,0.26796965500360664,0.013191896888571109,0.0
1,0.26821662728873613,0.018186802721741026,0.0
1,0.2684638271940773,0.01209359152139288,0.0
1,0.2687112549294148,0.020329234851323354,0.0
1,0.26895891070472644,0.009738107123665773,0.0
1,0.2692067947301836,0.011766305398131132,0.0
1,0.2694549072161514,0.00904367287715147,0.0
1,0.2697032483731888,0.012136145986030532,0.0
1,0.26995181841204885,0.006641723103348636,0.0
1,0.2702006175436788,0.010655345772739418,0.0
1,0.2704496459792203,0.022421651662403255,0.0
1,0.2706989039300096,0.008228043577524729,0.0
1,0.27094839160757794,0.009808959135568248,0.0
1,0.2711981092236512,0.009299292253724572,0.0
1,0.2714480569901505,0.009729441606078863,0.0
1,0.27169823511919233,0.012347402526091194,0.0
1,0.27194864382308875,0.01609298890042181,0.0
1,0.27219928331434734,0.007725593210260112,0.0
1,0.27245015380567156,0.009391115215003668,0.0
1,0.272701255509961,0.023172581002706867,0.0
1,0.27295258864031124,0.012421304354870892,0.0
1,0.2732041534100147,0.011438726218829591,0.0
1,0.27345595003255996,0.00785324262835664,0.0
1,0.27370797872163244,0.01764156347528663,0.0
1,0.27396023969111477,0.00764700628853367,0.0
1,0.27421273315508626,0.015504650796041065,0.0
1,0.27446545932782396,0.008904507395982284,0.0
1,0.2747184184238021,0.014747199031397559,0.0
1,0.2749716106576927,0.014612601425261983,0.0
1,0.2752250362443658,0.011596430220171414,0.0
1,0.275478695398889,0.011844964473785823,0.0
1,0.2757325883365286,0.011535503970454795,0.0
1,0.2759867152727491,0.015604162811648649,0.0
1,0.27624107642321344,0.0103975687117487,0.0
1,0.2764956720037838,0.009236017730212504,0.0
1,0.2767505022305206,0.009935254938581592,0.0
1,0.27700556731968407,0.00737565048815074,0.0
1,0.2772608674877333,0.008511085144380155,0.0
1,0.277516402951327,0.01434903025805134,0.0
1,0.27777217392732384,0.01599585362440317,0.0
1,0.27802818063278184,0.01003144900491552,0.0
1,0.2782844232849595,0.011276759473199945,0.0
1,0.2785409021013154,0.015162786149253376,0.0
1,0.27879761729950836,0.00831017920911247,0.0
1,0.2790545690973983,0.015402647539264968,0.0
1,0.2793117577130453,0.010662897373241872,0.0
1,0.27956918336471087,0.01124022220400992,0.0
1,0.2798268462708576,0.013991982910024986,0.0
1,0.2800847466501491,0.01097580562975645,0.0
1,0.2803428847214512,0.008545089347125718,0.0
1,0.2806012607038305,0.015141398360657757,0.0
1,0.28085987481655644,0.01375835716816679,0.0
1,0.2811187272790999,0.006780770424507049,0.0
1,0.2813778183111343,0.008707313487124004,0.0
1,0.2816371481325356,0.006792891860667929,0.0
1,0.2818967169633821,0.011742254888768396,0.0
1,0.28215652502395516,0.01166290062266773,0.0
1,0.28241657253473923,0.0072312838396144845,0.0
1,0.2826768597164217,0.008930516672513425,0.0
1,0.2829373867898937,0.012361435520808308,0.0
1,0.28319815397624953,0.012420578976863245,0.0
1,0.2834591614967877,0.01132200697118563,0.0
1,0.2837204095730103,0.009976057726177294,0.0
1,0.28398189842662375,0.01002662393581488,0.0
1,0.2842436282795389,0.007221378517824333,0.0
1,0.284505599353871,0.010541075523089877,0.0
1,0.28476781187193984,0.010245486490245431,0.0
1,0.28503026605627046,0.010413272741229213,0.0
1,0.28529296212959265,0.009495519264793223,0.0
1,0.2855559003148418,0.00939506463935334,0.0
1,0.28581908083515856,0.01474811326675063,0.0
1,0.28608250391388923,0.010916492957228238,0.0
1,0.2863461697745861,0.014789937412223321,0.0
1,0.2866100786410073,0.008136001196841438,0.0
1,0.2868742307371174,0.011110442516599033,0.0
1,0.28713862628708714,0.010259132231017747,0.0
1,0.28740326551529405,0.017517093336417894,0.0
1,0.2876681486463226,0.01202494397067679,0.0
1,0.28793327590496376,0.009395181169056833,0.0
1,0.28819864751621616,0.01199238206697586,0.0
1,0.2884642637052855,0.00792407798567644,0.0
1,0.2887301246975852,0.012006344298077497,0.0
1,0.2889962307187365,0.014355978718020709,0.0
1,0.2892625819945681,0.007821540590918536,0.0
1,0.28952917875111756,0.011605729265180591,0.0
1,0.2897960212146303,0.013513821254101988,0.0
1,0.29006310961156023,0.013311407600430298,0.0
1,0.2903304441685703,0.012017575642351008,0.0
1,0.2905980251125319,0.015039307469915253,0.0
1,0.29086585267052606,0.01027903976188107,0.0
1,0.29113392706984265,0.008172669429092822,0.0
1,0.2914022485379811,0.009434862437033516,0.0
1,0.2916708173026509,0.011075891729528898,0.0
1,0.29193963359177066,0.011284577115175961,0.0
1,0.2922086976334699,0.006113859642929989,0.0
1,0.2924780096560878,0.012616494847792247,0.0
1,0.292747569888174,0.010948562023816989,0.0
1,0.2930173785584894,0.022000687195611317,0.0
1,0.29328743589600487,0.00973298317570408,0.0
1,0.29355774212990293,0.008176153143087993,0.0
1,0.29382829748957706,0.017343004894382664,0.0
1,0.2940991022046322,0.017194068797564514,0.0
1,0.2943701565048851,0.008511146270495002,0.0
1,0.2946414606203639,0.01086667994684164,0.0
1,0.2949130147813091,0.014299645383486229,0.0
1,0.2951848192181733,0.013027408207668909,0.0
1,0.2954568741616214,0.011040620764976344,0.0
1,0.2957291798425312,0.01565470985735407,0.0
1,0.29600173649199274,0.012648665488988194,0.0
1,0.29627454434130956,0.017027328009615646,0.0
1,0.29654760362199817,0.015694152160369294,0.0
1,0.29682091456578835,0.012215273410444458,0.0
1,0.2970944774046238,0.009636817670762136,0.0
1,0.2973682923706614,0.013760545393742453,0.0
1,0.29764235969627273,0.01131872505064134,0.0
1,0.297916679614043,0.012907197232794059,0.0
1,0.2981912523567718,0.010141543234320882,0.0
1,0.2984660781574737,0.0147439244826261,0.0
1,0.29874115724937744,0.009853772343564075,0.0
1,0.29901648986592727,0.012180362040067446,0.0
1,0.2992920762407822,0.008890005286239072,0.0
1,0.2995679166078167,0.010451373983607458,0.0
1,0.2998440112011209,0.010649877698055839,0.0
1,0.3001203602550006,0.015121413515738119,0.0
1,0.30039696400397753,0.011920763475293179,0.0
1,0.3006738226827895,0.009448048389529784,0.0
1,0.3009509365263908,0.016073433984211866,0.0
1,0.30122830576995224,0.012744938427611877,0.0
1,0.3015059306488613,0.012724720409791022,0.0
1,0.3017838113987224,0.01509116313578795,0.0
1,0.3020619482553572,0.013222947529376979,0.0
1,0.30234034145480454,0.006967610731829718,0.0
1,0.3026189912333211,0.007691145037927259,0.0
1,0.30289789782738097,0.020439946635451643,0.0
1,0.3031770614736763,0.007714042477120019,0.0
1,0.30345648240911766,0.0089798109150053,0.0
1,0.3037361608708333,0.014367245302738033,0.0
1,0.3040160970961709,0.014762630182979831,0.0
1,0.30429629132269614,0.009364002341550555,0.0
1,0.30457674378819394,0.011862755953187677,0.0
1,0.3048574547306686,0.013806957381211125,0.0
1,0.30513842438834327,0.019701370710488355,0.0
1,0.3054196529996611,0.01773509920192276,0.0
1,0.3057011408032848,0.009046654358708295,0.0
1,0.305982888038097,0.01368443230131895,0.0
1,0.3062648949432008,0.01369075281801366,0.0
1,0.3065471617579191,0.017822541424401768,0.0
1,0.30682968872179595,0.019175119869591493,0.0
1,0.30711247607459585,0.010031715230409938,0.0
1,0.3073955240563043,0.01099169850519637,0.0
1,0.3076788329071283,0.009246554675220847,0.0
1,0.3079624028674956,0.010268405283909198,0.0
1,0.30824623417805613,0.012580213578569682,0.0
1,0.3085303270796814,0.01287526178622004,0.0
1,0.30881468181346483,0.00846245088019896,0.0
1,0.3090992986207223,0.012285791593896714,0.0
1,0.30938417774299165,0.009363180544720105,0.0
1,0.3096693194220338,0.010071685991509706,0.0
1,0.30995472389983225,0.010165414919818165,0.0
1,0.3102403914185935,0.015513511819371816,0.0
1,0.31052632222074755,0.011423001341618477,0.0
1,0.3108125165489473,0.018949243906694505,0.0
1,0.31109897464606984,0.01414006695128882,0.0
1,0.3113856967552159,0.006871841117210663,0.0
1,0.31167268311971,0.012710134923482937,0.0
1,0.31195993398310157,0.014725555786366995,0.0
1,0.3122474495891637,0.011835619442768995,0.0
1,0.3125352301818947,0.0173369473386789,0.0
1,0.3128232760055177,0.015616606134852988,0.0
1,0.31311158730448063,0.013719618604066747,0.0
1,0.3134001643234572,0.009214119295471548,0.0
1,0.31368900730734595,0.011305491337989972,0.0
1,0.3139781165012718,0.014946436583281751,0.0
1,0.3142674921505852,0.011003277505537477,0.0
1,0.31455713450086276,0.012064170457437316,0.0
1,0.31484704379790757,0.019539062584117698,0.0
1,0.3151372202877492,0.012387404937969552,0.0
1,0.3154276642166439,0.012432286990338978,0.0
1,0.3157183758310749,0.017168193403778585,0.0
1,0.31600935537775265,0.011702562109104777,0.0
1,0.316300603103615,0.013392475044544343,0.0
1,0.31659211925582736,0.007355866194530615,0.0
1,0.31688390408178285,0.011529620541716032,0.0
1,0.31717595782910274,0.010322193584947476,0.0
1,0.3174682807456363,0.013475834955240493,0.0
1,0.3177608730794616,0.009776449263205889,0.0
1,0.318053735078885,0.014442980732331835,0.0
1,0.3183468669924419,0.011326438857607118,0.0
1,0.31864026906889664,0.012999645980077764,0.0
1,0.31893394155724286,0.009382454268126575,0.0
1,0.3192278847067038,0.011042856339155915,0.0
1,0.3195220987667323,0.0058155922936560705,0.0
1,0.3198165839870112,0.015550102038096569,0.0
1,0.3201113406174531,0.009510372034912978,0.0
1,0.3204063689082014,0.014193170443109792,0.0
1,0.3207016691096299,0.01637000299678904,0.0
1,0.320997241472343,0.012706598614394396,0.0
1,0.3212930862471762,0.011972895632997369,0.0
1,0.32158920368519606,0.010441710380062929,0.0
1,0.3218855940377008,0.0168490094845853,0.0
1,0.32218225755621993,0.006451896350272553,0.0
1,0.322479194492515,0.01633676678500167,0.0
1,0.3227764050985795,0.013381918325790481,0.0
1,0.32307388962663913,0.009447413966917385,0.0
1,0.32337164832915216,0.011004457963441787,0.0
1,0.32366968145880953,0.014618683226860031,0.0
1,0.32396798926853493,0.014706973265736965,0.0
1,0.3242665720114853,0.011116404912824968,0.0
1,0.32456542994105075,0.011958993339418827,0.0
1,0.32486456331085517,0.013341668198741781,0.0
1,0.32516397237475597,0.014188344030979044,0.0
1,0.3254636573868447,0.01224129944779278,0.0
1,0.32576361860144687,0.012474133195418402,0.0
1,0.32606385627312257,0.019444827820809564,0.0
1,0.32636437065666646,0.013176646045129397,0.0
1,0.3266651620071081,0.014283431603631649,0.0
1,0.3269662305797119,0.007512647771983667,0.0
1,0.32726757662997774,0.007766610318577684,0.0
1,0.32756920041364074,0.011605149116475897,0.0
1,0.32787110218667204,0.010164565188319765,0.0
1,0.32817328220527847,0.008217554172262756,0.0
1,0.328475740725903,0.010281246601466423,0.0
1,0.3287784780052251,0.01839312144093924,0.0
1,0.3290814943001605,0.0186018434120444,0.0
1,0.32938478986786207,0.0134945162054325,0.0
1,0.3296883649657195,0.01477154857014898,0.0
1,0.32999221985135974,0.007982237501077847,0.0
1,0.3302963547826471,0.024251015477664756,0.0
1,0.3306007700176836,0.010273404557000864,0.0
1,0.33090546581480934,0.012754116772897277,0.0
1,0.3312104424326021,0.010998538689777838,0.0
1,0.3315157001298784,0.014363490661668997,0.0
1,0.33182123916569284,0.012554894533018343,0.0
1,0.3321270597993393,0.009985292114597945,0.0
1,0.33243316229035036,0.009376407176174814,0.0
1,0.33273954689849766,0.013102536149677454,0.0
1,0.3330462138837925,0.008765111947116008,0.0
1,0.33335316350648564,0.010587241381384777,0.0
1,0.33366039602706793,0.010789892641739022,0.0
1,0.3339679117062701,0.013462606469021032,0.0
1,0.3342757108050632,0.009222955288409109,0.0
1,0.3345837935846588,0.010881396806666718,0.0
1,0.33489216030650926,0.009689242697444577,0.0
1,0.335200811232308,0.0160612477110228,0.0
1,0.33550974662398947,0.018687950722856683,0.0
1,0.3358189667437295,0.009276781914315179,0.0
1,0.3361284718539458,0.010269656789703048,0.0
1,0.33643826221729756,0.009852987533237679,0.0
1,0.3367483380966865,0.011454776898886646,0.0
1,0.3370586997552562,0.01125837706664499,0.0
1,0.3373693474563931,0.012985813371818825,0.0
1,0.33768028146372614,0.015157950202692816,0.0
1,0.3379915020411273,0.012546286355705021,0.0
1,0.3383030094527121,0.009844609927690382,0.0
1,0.3386148039628389,0.012358928893315295,0.0
1,0.3389268858361101,0.0161889124189341,0.0
1,0.3392392553373717,0.009889097146227226,0.0
1,0.3395519127317142,0.011414765641297583,0.0
1,0.339864858284472,0.00941921728725813,0.0
1,0.34017809226122425,0.010900387969772008,0.0
1,0.34049161492779484,0.008595908429731769,0.0
1,0.34080542655025253,0.011989759514368155,0.0
1,0.3411195273949116,0.009361949175382508,0.0
1,0.3414339177283314,0.007959628191803974,0.0
1,0.34174859781731737,0.013346234631930938,0.0
1,0.34206356792892045,0.017384966195516237,0.0
1,0.3423788283304378,0.012440549886134772,0.0
1,0.34269437928941326,0.01175636441570398,0.0
1,0.3430102210736369,0.021549451057186052,0.0
1,0.3433263539511456,0.017947675260101208,0.0
1,0.34364277819022343,0.011823550114499218,0.0
1,0.3439594940594016,0.015159374302427031,0.0
1,0.34427650182745906,0.015678783206454352,0.0
1,0.3445938017634222,0.010157956069726288,0.0
1,0.34491139413656535,0.019726008966669935,0.0
1,0.3452292792164112,0.01253152215291266,0.0
1,0.3455474572727307,0.00994368055551294,0.0
1,0.34586592857554355,0.006014874903893304,0.0
1,0.3461846933951182,0.011073273294317289,0.0
1,0.3465037520019723,0.011058408750326819,0.0
1,0.3468231046668728,0.009782329039133234,0.0
1,0.3471427516608359,0.014321959305263506,0.0
1,0.34746269325512813,0.011529245363006535,0.0
1,0.3477829297212657,0.01047409951463128,0.0
1,0.348103461331015,0.011116287336048646,0.0
1,0.34842428835639294,0.014716327029711835,0.0
1,0.3487454110696674,0.00909337215425229,0.0
1,0.34906682974335684,0.010930411023150469,0.0
1,0.34938854465023106,0.01074011800430107,0.0
1,0.34971055606331125,0.01034434450528347,0.0
1,0.35003286425587005,0.009549812535797406,0.0
1,0.3503554695014323,0.011980619932987414,0.0
1,0.35067837207377467,0.014807525473657594,0.0
1,0.35100157224692624,0.013947284645017086,0.0
1,0.35132507029516863,0.012243767063784558,0.0
1,0.3516488664930361,0.015324180689369258,0.0
1,0.3519729611153164,0.02227153030249891,0.0
1,0.35229735443704996,0.01496806766595046,0.0
1,0.3526220467335311,0.012973552381173765,0.0
1,0.35294703828030766,0.00867692628210201,0.0
1,0.35327232935318137,0.014666472123065427,0.0
1,0.3535979202282086,0.010324439086593442,0.0
1,0.3539238111816996,0.01172499505205818,0.0
1,0.3542500024902195,0.01407120379662872,0.0
1,0.3545764944305884,0.014606885549357468,0.0
1,0.3549032872798814,0.011183589043635365,0.0
1,0.3552303813154291,0.017470576978503488,0.0
1,0.35555777681481765,0.011176203082245763,0.0
1,0.3558854740558889,0.01057516343786626,0.0
1,0.3562134733167409,0.01951556673955328,0.0
1,0.35654177487572797,0.013510912203753929,0.0
1,0.35687037901146107,0.015627825632251874,0.0
1,0.35719928600280787,0.02411777381099711,0.0
1,0.357528496128893,0.020409423779003438,0.0
1,0.3578580096690982,0.01730695745763377,0.0
1,0.3581878269030632,0.00896769357599678,0.0
1,0.3585179481106851,0.017996347729158094,0.0
1,0.35884837357211885,0.012570391166121386,0.0
1,0.3591791035677778,0.012786727505014885,0.0
1,0.3595101383783338,0.01582609842204377,0.0
1,0.3598414782847172,0.016413491577159198,0.0
1,0.3601731235681174,0.011432960288933564,0.0
1,0.3605050745099829,0.011739931889426443,0.0
1,0.3608373313920217,0.015912770212992176,0.0
1,0.361169894496201,0.013113885869333965,0.0
1,0.36150276410474863,0.015503974030511288,0.0
1,0.3618359405001519,0.010766703256978684,0.0
1,0.3621694239651587,0.01289237300987876,0.0
1,0.3625032147827775,0.012503311393975595,0.0
1,0.36283731323627755,0.02010007353870887,0.0
1,0.36317171960918937,0.010480001519222444,0.0
1,0.3635064341853046,0.01001966926170826,0.0
1,0.3638414572486764,0.009510817638579774,0.0
1,0.3641767890836199,0.022515589613624147,0.0
1,0.364512429974712,0.010789219183565027,0.0
1,0.36484838020679233,0.007668982639920687,0.0
1,0.36518464006496254,0.010932272147857953,0.0
1,0.3655212098345874,0.01516786447633821,0.0
1,0.3658580898012944,0.012677258008917731,0.0
1,0.36619528025097464,0.01326409064667605,0.0
1,0.36653278146978235,0.016022463551263317,0.0
1,0.36687059374413566,0.014477107023858628,0.0
1,0.36720871736071664,0.01082771886863279,0.0
1,0.3675471526064715,0.011483969321188527,0.0
1,0.3678858997686113,0.016336450869335096,0.0
1,0.3682249591346113,0.01679862852910954,0.0
1,0.36856433099221186,0.018056306665739215,0.0
1,0.3689040156294187,0.011515747246181028,0.0
1,0.3692440133345028,0.010418999026144665,0.0
1,0.36958432439600103,0.011425613786703166,0.0
1,0.36992494910271595,0.014904610285189277,0.0
1,0.3702658877437164,0.020411628650745087,0.0
1,0.3706071406083376,0.01064245365750343,0.0
1,0.37094870798618146,0.015519785954587135,0.0
1,0.37129059016711696,0.014151143965940194,0.0
1,0.3716327874412799,0.008690937107030344,0.0
1,0.3719753000990738,0.017519216450383734,0.0
1,0.3723181284311696,0.01153270242094238,0.0
1,0.3726612727285062,0.013759191115757201,0.0
1,0.3730047332822908,0.012130362543760292,0.0
1,0.3733485103839988,0.011347343199528251,0.0
1,0.3736926043253742,0.013261429458513154,0.0
1,0.3740370153984301,0.019548573364800127,0.0
1,0.3743817438954484,0.011331905926724567,0.0
1,0.37472679010898097,0.020029411285439974,0.0
1,0.3750721543318486,0.011092618038740235,0.0
1,0.3754178368571424,0.011497876702747363,0.0
1,0.3757638379782234,0.01534704112845746,0.0
1,0.37611015798872327,0.010646834125950423,0.0
1,0.376456797182544,0.010873102089907837,0.0
1,0.37680375585385856,0.016395751604692005,0.0
1,0.37715103429711117,0.015103886112445283,0.0
1,0.3774986328070171,0.01675180857302878,0.0
1,0.3778465516785637,0.01901848445381462,0.0
1,0.37819479120700983,0.013621113187405609,0.0
1,0.37854335168788666,0.01318739201960175,0.0
1,0.37889223341699757,0.01245995157413428,0.0
1,0.3792414366904186,0.013991161744815237,0.0
1,0.3795909618044989,0.016844912480908723,0.0
1,0.3799408090558606,0.01720735089798989,0.0
1,0.380290978741399,0.015994300325361942,0.0
1,0.38064147115828334,0.012700413053165476,0.0
1,0.38099228660395645,0.013501043468210863,0.0
1,0.38134342537613575,0.01227249951846372,0.0
1,0.3816948877728126,0.016142728039522613,0.0
1,0.3820466740922531,0.018924515954072633,0.0
1,0.3823987846329985,0.016703565794824383,0.0
1,0.3827512196938647,0.010685031309365116,0.0
1,0.3831039795739437,0.009390310832203633,0.0
1,0.38345706457260254,0.009920716120217344,0.0
1,0.38381047498948445,0.014600070444369548,0.0
1,0.3841642111245087,0.014472622661446798,0.0
1,0.3845182732778711,0.011280358036285174,0.0
1,0.3848726617500441,0.015346046067173994,0.0
1,0.3852273768417771,0.017883468904428976,0.0
1,0.38558241885409655,0.01882825270194447,0.0
1,0.38593778808830637,0.014448062083234103,0.0
1,0.38629348484598847,0.009441934661694979,0.0
1,0.38664950942900234,0.011806666041284495,0.0
1,0.3870058621394858,0.014755302356850531,0.0
1,0.3873625432798552,0.015902941459352903,0.0
1,0.38771955315280543,0.009376860998648142,0.0
1,0.38807689206131063,0.008085828128318245,0.0
1,0.388434560308624,0.012834932778152178,0.0
1,0.3887925581982783,0.012851995803849351,0.0
1,0.3891508860340859,0.0171086343790375,0.0
1,0.38950954412013916,0.010518026017768162,0.0
1,0.3898685327608111,0.014975645445435639,0.0
1,0.3902278522607549,0.01143899374816145,0.0
1,0.3905875029249045,0.010957800628036012,0.0
1,0.39094748505847504,0.011080668568366477,0.0
1,0.3913077989669628,0.010821492691449454,0.0
1,0.391668444956146,0.011623273324516067,0.0
1,0.3920294233320841,0.013583559281739297,0.0
1,0.39239073440111916,0.01723273956952689,0.0
1,0.39275237846987526,0.015804951149755688,0.0
1,0.393114355845259,0.012240026079382297,0.0
1,0.3934766668344603,0.011481135330480178,0.0
1,0.39383931174495185,0.01856226377934019,0.0
1,0.39420229088448966,0.012692355133271948,0.0
1,0.39456560456111356,0.01384862351665586,0.0
1,0.39492925308314714,0.012198993579344754,0.0
1,0.3952932367591984,0.011858279434646624,0.0
1,0.3956575558981596,0.027472157620511122,0.0
1,0.3960222108092076,0.009079111309393983,0.0
1,0.39638720180180415,0.01153824095934313,0.0
1,0.3967525291856967,0.008935504445168099,0.0
1,0.3971181932709177,0.018016291007747934,0.0
1,0.3974841943677854,0.010434946626027742,0.0
1,0.3978505327869043,0.017388283583138195,0.0
1,0.3982172088391647,0.014674707295002025,0.0
1,0.39858422283574413,0.021495528512316425,0.0
1,0.3989515750881063,0.012512728451460293,0.0
1,0.3993192659080022,0.013717109292119379,0.0
1,0.3996872956074701,0.011832992165798925,0.0
1,0.40005566449883595,0.022517611007722,0.0
1,0.40042437289471355,0.018854738249008417,0.0
1,0.4007934211080047,0.017392859386970258,0.0
1,0.4011628094518997,0.015186578010622587,0.0
1,0.4015325382398774,0.012860650789706824,0.0
1,0.40190260778570547,0.022689620757031025,0.0
1,0.4022730184034412,0.02201696141342906,0.0
1,0.4026437704074309,0.02025389556846135,0.0
1,0.40301486411231074,0.012609497851425793,0.0
1,0.40338629983300683,0.013593234385777461,0.0
1,0.40375807788473544,0.012926153616409785,0.0
1,0.40413019858300375,0.014246260797136983,0.0
1,0.40450266224360937,0.012649017736518964,0.0
1,0.40487546918264095,0.014224229184515033,0.0
1,0.40524861971647863,0.010386365750233224,0.0
1,0.4056221141617939,0.01279670453061369,0.0
1,0.40599595283555057,0.014302644084943238,0.0
1,0.40637013605500405,0.013296562361123185,0.0
1,0.4067446641377025,0.017302992208989353,0.0
1,0.4071195374014865,0.012761756158151427,0.0
1,0.4074947561644898,0.015136183724279242,0.0
1,0.4078703207451393,0.015974604299959772,0.0
1,0.40824623146215516,0.01412315614526699,0.0
1,0.40862248863455153,0.011557737322618273,0.0
1,0.40899909258163636,0.01757277013113879,0.0
1,0.4093760436230123,0.011582032222104131,0.0
1,0.4097533420785761,0.013689998299104852,0.0
1,0.4101309882685195,0.009281822425289712,0.0
1,0.4105089825133295,0.006537011918151413,0.0
1,0.41088732513378806,0.013334186888750967,0.0
1,0.4112660164509734,0.012871893022967772,0.0
1,0.4116450567862592,0.016638077542368356,0.0
1,0.41202444646131536,0.013611541281438405,0.0
1,0.41240418579810845,0.017299599837691883,0.0
1,0.41278427511890153,0.01287813115221412,0.0
1,0.41316471474625505,0.01409888955900617,0.0
1,0.4135455050030263,0.010130526771253687,0.0
1,0.41392664621237046,0.016525656695063864,0.0
1,0.4143081386977403,0.013596067586268364,0.0
1,0.4146899827828868,0.015849155521828688,0.0
1,0.41507217879185954,0.010189732711408606,0.0
1,0.41545472704900643,0.019832981422794015,0.0
1,0.41583762787897444,0.0076645308013273215,0.0
1,0.4162208816067097,0.015481083926049409,0.0
1,0.4166044885574579,0.010683285675543327,0.0
1,0.4169884490567645,0.016192769532122425,0.0
1,0.417372763430475,0.020251775248778067,0.0
1,0.41775743200473514,0.015427169627301356,0.0
1,0.41814245510599113,0.013159337844520518,0.0
1,0.41852783306099045,0.014080181242681256,0.0
1,0.41891356619678133,0.01645952900530926,0.0
1,0.41929965484071363,0.01435899744548025,0.0
1,0.41968609932043877,0.013868893892270053,0.0
1,0.4200728999639102,0.021157506340742666,0.0
1,0.4204600570993837,0.013689608049785413,0.0
1,0.42084757105541765,0.015465511508269978,0.0
1,0.42123544216087294,0.012319489767574496,0.0
1,0.42162367074491386,0.01711221101886046,0.0
1,0.4220122571370078,0.008789178333414917,0.0
1,0.42240120166692613,0.011488663437957609,0.0
1,0.42279050466474394,0.01548218099140123,0.0
1,0.42318016646084045,0.022608034270302058,0.0
1,0.42357018738589963,0.012585290384296838,0.0
1,0.4239605677709099,0.010720220340723351,0.0
1,0.4243513079471651,0.013406690059089,0.0
1,0.42474240824626414,0.01449673001567127,0.0
1,0.4251338690001116,0.022857242060161022,0.0
1,0.42552569054091804,0.017647255326653816,0.0
1,0.42591787320119995,0.010308340903844457,0.0
1,0.4263104173137807,0.010856755991635861,0.0
1,0.42670332321179016,0.017440574702965065,0.0
1,0.4270965912286651,0.02213486318471184,0.0
1,0.4274902216981499,0.013319670737644174,0.0
1,0.4278842149542961,0.02091136493843941,0.0
1,0.42827857133146374,0.014466444750212153,0.0
1,0.42867329116432046,0.01530232411949594,0.0
1,0.42906837478784265,0.012290426342507576,0.0
1,0.42946382253731513,0.018070874736311696,0.0
1,0.4298596347483322,0.017672269305475174,0.0
1,0.43025581175679717,0.013652330383663699,0.0
1,0.43065235389892276,0.01689817682544147,0.0
1,0.4310492615112319,0.007586548079557242,0.0
1,0.4314465349305574,0.014877494399009395,0.0
1,0.4318441744940429,0.012025396841726486,0.0
1,0.43224218053914226,0.02566985543742161,0.0
1,0.4326405534036207,0.021313730361954872,0.0
1,0.4330392934255546,0.018388606565947655,0.0
1,0.4334384009433318,0.013526264403093742,0.0
1,0.4338378762956525,0.014717921000088924,0.0
1,0.4342377198215286,0.011592210140484935,0.0
1,0.43463793186028454,0.017070425305482948,0.0
1,0.4350385127515576,0.012462746406356707,0.0
1,0.4354394628352978,0.015564428566971602,0.0
1,0.435840782451769,0.013686175436799652,0.0
1,0.43624247194154825,0.013311274656526035,0.0
1,0.4366445316455265,0.020244207619301065,0.0
1,0.43704696190490916,0.012769827450726287,0.0
1,0.43744976306121564,0.014857243689890437,0.0
1,0.4378529354562807,0.015945951875966688,0.0
1,0.4382564794322537,0.012264864332610929,0.0
1,0.4386603953315995,0.015420208334128084,0.0
1,0.4390646834970986,0.026595067923056208,0.0
1,0.4394693442718472,0.015662117014435255,0.0
1,0.4398743779992582,0.016392440900538853,0.0
1,0.4402797850230606,0.015416179622903602,0.0
1,0.4406855656873003,0.01329846390505247,0.0
1,0.44109172033634014,0.010668252356534312,0.0
1,0.44149824931486076,0.0163965105248341,0.0
1,0.4419051529678601,0.02401694341087731,0.0
1,0.44231243164065415,0.015977312997437824,0.0
1,0.44272008567887716,0.01289607739193766,0.0
1,0.4431281154284819,0.01383433697839293,0.0
1,0.44353652123574017,0.013324744758376137,0.0
1,0.44394530344724276,0.014603547714779215,0.0
1,0.4443544624098998,0.014328586492519925,0.0
1,0.44476399847094134,0.011041947917825335,0.0
1,0.4451739119779172,0.016407660684561183,0.0
1,0.44558420327869797,0.019077737123632782,0.0
1,0.44599487272147437,0.014402001185553404,0.0
1,0.4464059206547583,0.010344070117416745,0.0
1,0.4468173474273827,0.018039211106011473,0.0
1,0.4472291533885021,0.01367416132161645,0.0
1,0.44764133888759294,0.018276658921962063,0.0
1,0.4480539042744536,0.018002316509404905,0.0
1,0.44846684989920477,0.013345783355030599,0.0
1,0.44888017611229003,0.012812769043341882,0.0
1,0.4492938832644757,0.011511345786957878,0.0
1,0.44970797170685184,0.010629927349796358,0.0
1,0.45012244179083155,0.012740294181466482,0.0
1,0.45053729386815217,0.0137282682382618,0.0
1,0.45095252829087495,0.013539040027247618,0.0
1,0.4513681454113857,0.02018288251785738,0.0
1,0.4517841455823953,0.02205604112745581,0.0
1,0.45220052915693937,0.016440505681803004,0.0
1,0.45261729648837895,0.014607944422933438,0.0
1,0.45303444793040065,0.011101825241843758,0.0
1,0.45345198383701746,0.018672708656131368,0.0
1,0.45386990456256826,0.01475101571207383,0.0
1,0.4542882104617186,0.018697149252390823,0.0
1,0.454706901889461,0.015124088103416086,0.0
1,0.4551259792011149,0.025709103378609557,0.0
1,0.45554544275232767,0.021043750437297944,0.0
1,0.45596529289907406,0.011910388159188566,0.0
1,0.456385529997657,0.01584090935579338,0.0
1,0.45680615440470795,0.02136584563332206,0.0
1,0.45722716647718675,0.016298277216040376,0.0
1,0.4576485665723826,0.012166686955854041,0.0
1,0.4580703550479138,0.01307484027763402,0.0
1,0.45849253226172826,0.01927292735631337,0.0
1,0.4589150985721037,0.02132998554037723,0.0
1,0.4593380543376481,0.014713427838167448,0.0
1,0.45976139991730025,0.02125151258520767,0.0
1,0.46018513567032926,0.015632506256063442,0.0
1,0.4606092619563357,0.016315374059072768,0.0
1,0.4610337791352514,0.009948683823137865,0.0
1,0.4614586875673398,0.014702941947199068,0.0
1,0.4618839876131969,0.022009379351150965,0.0
1,0.46230967963375047,0.011224461776485284,0.0
1,0.4627357639902612,0.012189173887395299,0.0
1,0.4631622410443226,0.019295200557501235,0.0
1,0.46358911115786144,0.008757881240430898,0.0
1,0.4640163746931384,0.01604991011476911,0.0
1,0.46444403201274753,0.01576513920061015,0.0
1,0.46487208347961745,0.011565531490391115,0.0
1,0.46530052945701095,0.018678413397848925,0.0
1,0.46572937030852596,0.01833246968273627,0.0
1,0.4661586063980953,0.01672362145541232,0.0
1,0.46658823808998723,0.01499514350896517,0.0
1,0.4670182657488057,0.02075102557469987,0.0
1,0.4674486897394907,0.017966682289110816,0.0
1,0.4678795104273189,0.0167045447668633,0.0
1,0.4683107281779031,0.023987911708345966,0.0
1,0.46874234335719334,0.015306276900992429,0.0
1,0.4691743563314769,0.009121501859296348,0.0
1,0.46960676746737856,0.008969249915142198,0.0
1,0.4700395771318613,0.020924286229340727,0.0
1,0.470472785692226,0.02697351109371287,0.0
1,0.4709063935161121,0.013167157727620917,0.0
1,0.47134040097149793,0.011203765754506911,0.0
1,0.47177480842670083,0.017198561441053632,0.0
1,0.47220961625037805,0.01746899123450561,0.0
1,0.47264482481152603,0.015795950891606764,0.0
1,0.47308043447948167,0.013374847079904374,0.0
1,0.4735164456239221,0.022457635184546593,0.0
1,0.4739528586148651,0.011825636040365604,0.0
1,0.4743896738226697,0.013591936334594061,0.0
1,0.4748268916180362,0.010573122744172549,0.0
1,0.4752645123720064,0.012624103305924679,0.0
1,0.4757025364559641,0.011041084589764678,0.0
1,0.47614096424163566,0.01252299875333879,0.0
1,0.4765797961010897,0.016427270694226857,0.0
1,0.4770190324067379,0.015394286474714957,0.0
1,0.47745867353133514,0.010594108076378103,0.0
1,0.47789871984797977,0.016257548796047922,0.0
1,0.47833917173011437,0.012305765672952464,0.0
1,0.4787800295515252,0.015673604825611986,0.0
1,0.47922129368634336,0.012513851192646626,0.0
1,0.47966296450904455,0.010437458275612741,0.0
1,0.4801050423944496,0.01618281139635979,0.0
1,0.48054752771772524,0.01689408678121657,0.0
1,0.48099042085438337,0.014149747026332956,0.0
1,0.4814337221802823,0.012554587396868716,0.0
1,0.4818774320716267,0.021016305766364516,0.0
1,0.4823215509049677,0.02474294596436824,0.0
1,0.4827660790572041,0.02040715607922949,0.0
1,0.4832110169055815,0.013416963442379207,0.0
1,0.48365636482769336,0.015918275431112967,0.0
1,0.4841021232014812,0.01440988589476924,0.0
1,0.48454829240523467,0.018258761058351766,0.0
1,0.48499487281759246,0.013663253486551306,0.0
1,0.48544186481754187,0.01863212288356303,0.0
1,0.4858892687844197,0.018841744418563445,0.0
1,0.4863370850979121,0.012146848865729512,0.0
1,0.48678531413805537,0.01686805757079289,0.0
1,0.48723395628523625,0.012698095433455058,0.0
1,0.48768301192019164,0.02011150343003932,0.0
1,0.48813248142400956,0.0166808591615669,0.0
1,0.48858236517812914,0.016506485218668113,0.0
1,0.48903266356434144,0.018576255533163836,0.0
1,0.48948337696478894,0.012906854657924889,0.0
1,0.48993450576196657,0.011736271707412526,0.0
1,0.49038605033872157,0.016642054415847218,0.0
1,0.49083801107825414,0.01224537015428627,0.0
1,0.4912903883641179,0.0264775059925602,0.0
1,0.4917431825802197,0.017972675421551315,0.0
1,0.4921963941108201,0.02182606710346501,0.0
1,0.49265002334053415,0.020891095244711336,0.0
1,0.493104070654331,0.019087747825635527,0.0
1,0.493558536437535,0.02228533103948217,0.0
1,0.4940134210758254,0.022964159560666903,0.0
1,0.4944687249552369,0.015061444781244576,0.0
1,0.4949244484621601,0.014302416917050772,0.0
1,0.49538059198334145,0.018933443307639283,0.0
1,0.4958371559058843,0.013723086922999275,0.0
1,0.49629414061724836,0.015623833281582346,0.0
1,0.49675154650525066,0.012443992998995443,0.0
1,0.4972093739580655,0.01151836780025094,0.0
1,0.49766762336422504,0.020887913446554236,0.0
1,0.49812629511261963,0.018988242326075596,0.0
1,0.4985853895924978,0.016213107356997995,0.0
1,0.49904490719346706,0.010926268039780892,0.0
1,0.4995048483054938,0.02994598684973379,0.0
1,0.4999652133189038,0.015147556869399633,0.0
1,0.500426002624383,0.013017505264607203,0.0
1,0.5008872166129769,0.015980508107928424,0.0
1,0.5013488556760914,0.018271348440342044,0.0
1,0.5018109202054937,0.0205947966667182,0.0
1,0.5022734105933117,0.019700800002982723,0.0
1,0.5027363272320345,0.011308571401163241,0.0
1,0.5031996705145133,0.012425734801636348,0.0
1,0.5036634408339611,0.018438436595824136,0.0
1,0.5041276385839534,0.015954440326930087,0.0
1,0.5045922641584286,0.0119943809048518,0.0
1,0.5050573179516881,0.00992569096852499,0.0
1,0.5055228003583964,0.02227925260286474,0.0
1,0.5059887117735821,0.019049340720514434,0.0
1,0.5064550525926375,0.015325843321420342,0.0
1,0.50692182321132,0.012858894277618854,0.0
1,0.5073890240257509,0.013851835904183811,0.0
1,0.5078566554324173,0.012014085631354718,0.0
1,0.5083247178281712,0.013391901057885985,0.0
1,0.5087932116102305,0.013935828892544633,0.0
1,0.5092621371761795,0.018896623577976467,0.0
1,0.5097314949239685,0.01397778313937267,0.0
1,0.5102012852519149,0.01681028699299013,0.0
1,0.5106715085587029,0.019521208179876487,0.0
1,0.5111421652433843,0.02013271660156594,0.0
1,0.5116132557053789,0.014153461588927354,0.0
1,0.5120847803444741,0.013167857448475285,0.0
1,0.5125567395608264,0.013449248033250169,0.0
1,0.5130291337549605,0.013775732870472974,0.0
1,0.5135019633277705,0.01541322400991357,0.0
1,0.5139752286805204,0.015544166236703622,0.0
1,0.5144489302148431,0.018364577267356703,0.0
1,0.5149230683327425,0.02509318481171947,0.0
1,0.5153976434365923,0.016941197152270958,0.0
1,0.515872655929138,0.020551955021563834,0.0
1,0.5163481062134954,0.014914125305262102,0.0
1,0.5168239946931521,0.020553938337865625,0.0
1,0.5173003217719677,0.01675132421004841,0.0
1,0.5177770878541739,0.020241767861604296,0.0
1,0.5182542933443749,0.020309635343135974,0.0
1,0.5187319386475481,0.012604437575688427,0.0
1,0.5192100241690437,0.01648528097775631,0.0
1,0.5196885503145858,0.014549008932328784,0.0
1,0.5201675174902723,0.01726333260659838,0.0
1,0.5206469261025757,0.02198335315201671,0.0
1,0.5211267765583426,0.028717441933935627,0.0
1,0.5216070692647948,0.01957026628228275,0.0
1,0.5220878046295295,0.017145497919727026,0.0
1,0.5225689830605194,0.012952533614558202,0.0
1,0.5230506049661134,0.018566443240647997,0.0
1,0.5235326707550367,0.014632258349691788,0.0
1,0.5240151808363911,0.021731005580525584,0.0
1,0.5244981356196554,0.02242514036467416,0.0
1,0.5249815355146858,0.017482132458004743,0.0
1,0.5254653809317167,0.01876725867371406,0.0
1,0.5259496722813598,0.016452641172100164,0.0
1,0.5264344099746059,0.016730980234355878,0.0
1,0.5269195944228243,0.012173131037087597,0.0
1,0.5274052260377633,0.01720534057570296,0.0
1,0.5278913052315511,0.024532886182219157,0.0
1,0.5283778324166954,0.020570455997391757,0.0
1,0.5288648080060843,0.01693750454143513,0.0
1,0.5293522324129859,0.017766291179783032,0.0
1,0.52984010605105,0.010220054184048909,0.0
1,0.5303284293343072,0.019041889642540267,0.0
1,0.5308172026771696,0.026057175192247286,0.0
1,0.5313064264944314,0.012637508189306949,0.0
1,0.531796101201269,0.017804312202280875,0.0
1,0.5322862272132416,0.029044823784526656,0.0
1,0.5327768049462913,0.012725351367716303,0.0
1,0.5332678348167436,0.013817531290398994,0.0
1,0.5337593172413074,0.02464938200928578,0.0
1,0.5342512526370761,0.021740484702965857,0.0
1,0.5347436414215273,0.023522106605131432,0.0
1,0.5352364840125233,0.0182559339178891,0.0
1,0.5357297808283119,0.01708683004797138,0.0
1,0.5362235322875257,0.030283706581654118,0.0
1,0.5367177388091836,0.11886156427464935,0.0
1,0.5372124008126907,0.022442901789121894,0.0
1,0.5377075187178386,0.015279848189482472,0.0
1,0.5382030929448056,0.026034899782142497,0.0
1,0.5386991239141574,0.026479924507424393,0.0
1,0.5391956120468472,0.01780879278850967,0.0
1,0.5396925577642165,0.018875210343107927,0.0
1,0.5401899614879948,0.011964333462927036,0.0
1,0.5406878236403004,0.01529521969640387,0.0
1,0.5411861446436406,0.019068784278175016,0.0
1,0.5416849249209118,0.029909039616266335,0.0
1,0.5421841648954011,0.020972781365312557,0.0
1,0.5426838649907847,0.024904904949984957,0.0
1,0.5431840256311298,0.019159137087435284,0.0
1,0.543684647240894,0.015386090705895809,0.0
1,0.544185730244927,0.015124471562481355,0.0
1,0.544687275068469,0.01977911174145466,0.0
1,0.5451892821371529,0.025651589516374588,0.0
1,0.5456917518770035,0.015942202450862947,0.0
1,0.546194684714438,0.014796343783902481,0.0
1,0.5466980810762673,0.01723008064865162,0.0
1,0.5472019413896951,0.012145412729043245,0.0
1,0.5477062660823193,0.016934863216133713,0.0
1,0.5482110555821312,0.009852710603469268,0.0
1,0.5487163103175172,0.01583047173004138,0.0
1,0.5492220307172583,0.025886825246254276,0.0
1,0.5497282172105307,0.023537502375841814,0.0
1,0.5502348702269059,0.012906894069589198,0.0
1,0.5507419901963517,0.018160594366298875,0.0
1,0.5512495775492319,0.019383029672163717,0.0
1,0.5517576327163072,0.013338020692400322,0.0
1,0.5522661561287351,0.015215360172766357,0.0
1,0.5527751482180705,0.0193358414635932,0.0
1,0.553284609416266,0.021571992981670916,0.0
1,0.5537945401556723,0.02169787016046578,0.0
1,0.5543049408690389,0.026461844028479564,0.0
1,0.5548158119895138,0.019208405903687092,0.0
1,0.5553271539506442,0.020651048583441047,0.0
1,0.5558389671863772,0.017540088252146424,0.0
1,0.5563512521310592,0.015141213995790222,0.0
1,0.5568640092194376,0.021488311348695985,0.0
1,0.5573772388866602,0.021367809766007616,0.0
1,0.5578909415682759,0.01738062080808688,0.0
1,0.5584051177002347,0.01709426289504943,0.0
1,0.5589197677188891,0.017550143470954162,0.0
1,0.559434892060993,0.02623789065742942,0.0
1,0.5599504911637032,0.00993721906124135,0.0
1,0.5604665654645795,0.01987844055395147,0.0
1,0.5609831154015846,0.015012839315302149,0.0
1,0.5615001414130855,0.02024244635487119,0.0
1,0.5620176439378525,0.011473047245590968,0.0
1,0.5625356234150605,0.014562841940722479,0.0
1,0.5630540802842895,0.01881653456060137,0.0
1,0.563573014985524,0.015988553017910558,0.0
1,0.5640924279591549,0.013093992637228163,0.0
1,0.5646123196459781,0.015815746815554556,0.0
1,0.5651326904871965,0.016535608673241563,0.0
1,0.5656535409244189,0.017981491438478107,0.0
1,0.5661748713996615,0.015061537342687364,0.0
1,0.5666966823553481,0.02214656156558936,0.0
1,0.5672189742343099,0.02391814479488197,0.0
1,0.5677417474797862,0.03330055460979295,0.0
1,0.5682650025354252,0.01728380195551506,0.0
1,0.5687887398452834,0.019515939926334398,0.0
1,0.5693129598538272,0.021290091768925913,0.0
1,0.5698376630059323,0.020203207669664557,0.0
1,0.5703628497468844,0.02021410395107379,0.0
1,0.5708885205223796,0.014189789488539295,0.0
1,0.5714146757785247,0.021365794642131983,0.0
1,0.5719413159618381,0.015501672498144582,0.0
1,0.5724684415192491,0.013116329827712107,0.0
1,0.5729960528980995,0.016115313949445674,0.0
1,0.5735241505461427,0.027199278307357754,0.0
1,0.5740527349115455,0.023006714920474566,0.0
1,0.5745818064428874,0.020512876704004694,0.0
1,0.5751113655891612,0.017018027602084342,0.0
1,0.5756414127997738,0.020001895090666185,0.0
1,0.5761719485245458,0.017471359587767857,0.0
1,0.5767029732137132,0.02031265513356152,0.0
1,0.5772344873179264,0.015351208760536028,0.0
1,0.5777664912882509,0.014748824667980404,0.0
1,0.5782989855761685,0.01633044935390425,0.0
1,0.5788319706335767,0.01648223897794598,0.0
1,0.5793654469127898,0.013454566842524144,0.0
1,0.5798994148665387,0.021061683258634917,0.0
1,0.5804338749479718,0.017609794520792157,0.0
1,0.5809688276106548,0.013190416202842331,0.0
1,0.5815042733085717,0.021867464730524738,0.0
1,0.5820402124961249,0.02124997665977401,0.0
1,0.5825766456281355,0.024118261757724805,0.0
1,0.5831135731598439,0.020636521943664783,0.0
1,0.5836509955469098,0.02241412195347184,0.0
1,0.5841889132454131,0.01549694409488475,0.0
1,0.5847273267118541,0.014305395288018673,0.0
1,0.5852662364031538,0.02804017539302691,0.0
1,0.5858056427766539,0.026900432496620146,0.0
1,0.5863455462901181,0.01680831916769553,0.0
1,0.5868859474017319,0.018608743230591713,0.0
1,0.5874268465701031,0.018737013068969605,0.0
1,0.587968244254262,0.028493446098285677,0.0
1,0.588510140913662,0.021889323202953677,0.0
1,0.5890525370081798,0.04880492485707355,0.0
1,0.5895954329981167,0.01916622588442435,0.0
1,0.5901388293441971,0.021985833492320285,0.0
1,0.5906827265075711,0.019924390893064765,0.0
1,0.591227124949813,0.025841212430223828,0.0
1,0.5917720251329228,0.03215467025545034,0.0
1,0.5923174275193265,0.011741886142615125,0.0
1,0.5928633325718761,0.026717243011404657,0.0
1,0.5934097407538501,0.02082054214564372,0.0
1,0.5939566525289542,0.01706402475897459,0.0
1,0.5945040683613211,0.019698435057138933,0.0
1,0.5950519887155118,0.01644527354286721,0.0
1,0.5956004140565151,0.02215502963942438,0.0
1,0.5961493448497484,0.011985020975383542,0.0
1,0.596698781561058,0.016385936035535936,0.0
1,0.5972487246567195,0.02058136495087989,0.0
1,0.5977991746034388,0.02031617180226641,0.0
1,0.5983501318683512,0.023598586484083646,0.0
1,0.5989015969190229,0.01869305516933217,0.0
1,0.5994535702234508,0.021549831610289196,0.0
1,0.6000060522500633,0.021496963683610124,0.0
1,0.6005590434677208,0.03531667224912495,0.0
1,0.6011125443457153,0.02951446818398858,0.0
1,0.6016665553537714,0.015494373796625683,0.0
1,0.602221076962047,0.015747033415651916,0.0
1,0.6027761096411332,0.019423672049361927,0.0
1,0.6033316538620543,0.017670267364321115,0.0
1,0.6038877100962694,0.033213756246330675,0.0
1,0.6044442788156719,0.021706399173614152,0.0
1,0.6050013604925896,0.012645688214167318,0.0
1,0.6055589555997866,0.0214726703919824,0.0
1,0.6061170646104619,0.020272232954765212,0.0
1,0.606675687998251,0.03213945843660029,0.0
1,0.6072348262372258,0.020589040276026947,0.0
1,0.607794479801895,0.016555074057432142,0.0
1,0.6083546491672052,0.02193235218272795,0.0
1,0.6089153348085399,0.02218547203088156,0.0
1,0.6094765372017212,0.01688556495185789,0.0
1,0.6100382568230099,0.02141430318645683,0.0
1,0.6106004941491053,0.028958873429255984,0.0
1,0.6111632496571464,0.02597305561554603,0.0
1,0.6117265238247119,0.01723565787941269,0.0
1,0.6122903171298204,0.027017642414789583,0.0
1,0.6128546300509314,0.021603814818387225,0.0
1,0.613419463066945,0.033461807281704524,0.0
1,0.6139848166572031,0.013401753195118675,0.0
1,0.614550691301489,0.019699035521312174,0.0
1,0.6151170874800286,0.02964037235403957,0.0
1,0.6156840056734899,0.02224751269447411,0.0
1,0.6162514463629842,0.015751416574430025,0.0
1,0.6168194100300664,0.025689586791738633,0.0
1,0.6173878971567347,0.019067801670191873,0.0
1,0.617956908225432,0.01959462823010127,0.0
1,0.6185264437190455,0.02465310045592353,0.0
1,0.6190965041209079,0.021739575975733037,0.0
1,0.6196670899147969,0.013224624067276541,0.0
1,0.6202382015849363,0.03105150971056942,0.0
1,0.6208098396159959,0.031651804813781784,0.0
1,0.6213820044930926,0.013467797808952341,0.0
1,0.6219546967017902,0.026068676196744526,0.0
1,0.6225279167281002,0.014047408545692917,0.0
1,0.6231016650584815,0.01634298603214699,0.0
1,0.6236759421798421,0.018125577243381628,0.0
1,0.624250748579538,0.018487965190635048,0.0
1,0.624826084745375,0.016896066199307294,0.0
1,0.6254019511656081,0.0214553077431979,0.0
1,0.6259783483289426,0.021902331626225287,0.0
1,0.6265552767245338,0.02857805314963756,0.0
1,0.6271327368419879,0.02756148937434996,0.0
1,0.6277107291713628,0.025653314066444013,0.0
1,0.6282892542031678,0.02024000074026771,0.0
1,0.628868312428364,0.019048546421936166,0.0
1,0.6294479043383653,0.04483908721949961,0.0
1,0.6300280304250382,0.029924277300859694,0.0
1,0.6306086911807032,0.02738429535721772,0.0
1,0.6311898870981337,0.03654834752982219,0.0
1,0.631771618670558,0.01789245466594031,0.0
1,0.6323538863916583,0.018203884499632828,0.0
1,0.6329366907555721,0.02261968003913624,0.0
1,0.6335200322568928,0.016816413376173293,0.0
1,0.6341039113906688,0.01899766224284808,0.0
1,0.6346883286524052,0.020812775578685976,0.0
1,0.6352732845380636,0.022474396283291714,0.0
1,0.6358587795440632,0.02079767012242829,0.0
1,0.6364448141672802,0.02673100661860949,0.0
1,0.6370313889050487,0.023786075705887786,0.0
1,0.6376185042551616,0.019472421522955568,0.0
1,0.63820616071587,0.026936461324213793,0.0
1,0.6387943587858849,0.018031628337925203,0.0
1,0.6393830989643765,0.027563304845071444,0.0
1,0.639972381750975,0.02764801801524199,0.0
1,0.6405622076457713,0.024487239415128457,0.0
1,0.6411525771493171,0.023612754887920886,0.0
1,0.6417434907626255,0.021200075962311382,0.0
1,0.6423349489871713,0.019820282813424513,0.0
1,0.6429269523248915,0.02851627192804747,0.0
1,0.6435195012781857,0.017516780544745335,0.0
1,0.6441125963499162,0.030710578103490246,0.0
1,0.6447062380434097,0.0186405125719056,0.0
1,0.6453004268624558,0.023463194288825456,0.0
1,0.6458951633113088,0.028484724195681526,0.0
1,0.6464904478946879,0.03202007578805214,0.0
1,0.6470862811177769,0.03311648477381813,0.0
1,0.6476826634862262,0.032030569459960176,0.0
1,0.6482795955061511,0.04582337926355968,0.0
1,0.6488770776841343,0.023902577244954232,0.0
1,0.6494751105272247,0.015506324461853039,0.0
1,0.6500736945429387,0.019960571479260024,0.0
1,0.6506728302392609,0.02341315731367507,0.0
1,0.6512725181246436,0.021213447776193693,0.0
1,0.6518727587080076,0.012220958859125348,0.0
1,0.6524735524987432,0.06308775751352642,0.0
1,0.65307490000671,0.0227152457803292,0.0
1,0.6536768017422373,0.20066702527537844,0.0
1,0.654279258216125,0.01872587598795616,0.0
1,0.6548822699396437,0.023985478307574033,0.0
1,0.6554858374245349,0.02006564160531396,0.0
1,0.6560899611830125,0.022986946460535382,0.0
1,0.6566946417277618,0.020647232234551373,0.0
1,0.6572998795719408,0.022494340156968034,0.0
1,0.6579056752291804,0.030133425377194493,0.0
1,0.6585120292135849,0.02106174245381087,0.0
1,0.6591189420397328,0.037058834287085146,0.0
1,0.6597264142226762,0.02582057483437011,0.0
1,0.6603344462779425,0.025273962094909994,0.0
1,0.6609430387215337,0.018544542382354794,0.0
1,0.6615521920699275,0.01628871884816161,0.0
1,0.6621619068400784,0.017047545693063854,0.0
1,0.662772183549416,0.020836100071658956,0.0
1,0.6633830227158478,0.03221188783791497,0.0
1,0.6639944248577583,0.022355347280276928,0.0
1,0.6646063904940095,0.01747732322050818,0.0
1,0.6652189201439421,0.03365579916691986,0.0
1,0.6658320143273752,0.03215674785494603,0.0
1,0.6664456735646069,0.022061586954747907,0.0
1,0.6670598983764151,0.0404955870460085,0.0
1,0.6676746892840572,0.027280331262556766,0.0
1,0.6682900468092715,0.030113683008914698,0.0
1,0.668905971474277,0.02721442351093791,0.0
1,0.6695224638017739,0.02579623011403766,0.0
1,0.6701395243149442,0.0306733586510063,0.0
1,0.6707571535374522,0.03411360989693102,0.0
1,0.6713753519934447,0.020117676146706127,0.0
1,0.6719941202075514,0.042994885297900264,0.0
1,0.6726134587048861,0.024857765851581014,0.0
1,0.6732333680110457,0.021246617555428438,0.0
1,0.6738538486521124,0.03083330398513005,0.0
1,0.6744749011546528,0.02915161799656482,0.0
1,0.6750965260457189,0.023645384319285628,0.0
1,0.6757187238528483,0.030488346027125534,0.0
1,0.6763414951040647,0.041265287744379577,0.0
1,0.6769648403278792,0.023718356008122294,0.0
1,0.6775887600532892,0.031112833322472583,0.0
1,0.6782132548097799,0.017100397204863612,0.0
1,0.6788383251273246,0.024735563879843145,0.0
1,0.6794639715363847,0.020977958251536005,0.0
1,0.6800901945679112,0.02873108831794419,0.0
1,0.6807169947533438,0.03316323585294739,0.0
1,0.6813443726246121,0.023564204391696958,0.0
1,0.6819723287141363,0.02821319817839775,0.0
1,0.6826008635548265,0.026871220805372676,0.0
1,0.6832299776800852,0.029647140882123744,0.0
1,0.6838596716238055,0.03776200290643303,0.0
1,0.6844899459203728,0.03211827987305047,0.0
1,0.6851208011046653,0.023395386787184575,0.0
1,0.6857522377120535,0.024067868369169108,0.0
1,0.6863842562784024,0.022118482577484836,0.0
1,0.6870168573400699,0.01790988447672099,0.0
1,0.6876500414339085,0.03441717981842174,0.0
1,0.6882838090972656,0.02213995058081943,0.0
1,0.6889181608679841,0.035073060606777035,0.0
1,0.689553097284402,0.02494743399143511,0.0
1,0.6901886188853539,0.03311164374900684,0.0
1,0.6908247262101708,0.02792599727516342,0.0
1,0.6914614197986806,0.030923000430329906,0.0
1,0.6920987001912094,0.03812121829643743,0.0
1,0.6927365679285808,0.0242786883774355,0.0
1,0.6933750235521168,0.02360440846338945,0.0
1,0.6940140676036384,0.02394510359501282,0.0
1,0.6946537006254657,0.031680219109942766,0.0
1,0.6952939231604195,0.0246950242685378,0.0
1,0.69593473575182,0.024272528304682045,0.0
1,0.6965761389434884,0.020665712286704038,0.0
1,0.697218133279747,0.025682980680392167,0.0
1,0.69786071930542,0.03748923074391716,0.0
1,0.6985038975658339,0.022416450154094086,0.0
1,0.6991476686068174,0.031106781122083593,0.0
1,0.6997920329747023,0.026181001480147695,0.0
1,0.7004369912163242,0.03728194992349306,0.0
1,0.7010825438790221,0.04111092774716835,0.0
1,0.7017286915106404,0.03514924742254644,0.0
1,0.7023754346595278,0.03325778317732832,0.0
1,0.7030227738745382,0.03659066520727174,0.0
1,0.7036707097050318,0.028209906616103692,0.0
1,0.7043192427008745,0.023528614233453298,0.0
1,0.7049683734124401,0.041727738228771384,0.0
1,0.7056181023906086,0.02655503049938494,0.0
1,0.7062684301867681,0.021252902927933727,0.0
1,0.7069193573528145,0.018378452677181287,0.0
1,0.7075708844411533,0.028446946592061255,0.0
1,0.7082230120046984,0.027263070733536076,0.0
1,0.7088757405968731,0.04019851863986891,0.0
1,0.7095290707716113,0.02727149529741297,0.0
1,0.7101830030833569,0.027486906098164895,0.0
1,0.7108375380870655,0.018993168443694322,0.0
1,0.7114926763382036,0.02621113297941833,0.0
1,0.7121484183927498,0.021262605628880916,0.0
1,0.7128047648071951,0.028842965025727495,0.0
1,0.7134617161385434,0.01966443196092631,0.0
1,0.7141192729443121,0.01906593483815929,0.0
1,0.7147774357825322,0.042484875371645185,0.0
1,0.715436205211749,0.02042418116942193,0.0
1,0.716095581791023,0.06379680893949508,0.0
1,0.7167555660799291,0.03242059912982955,0.0
1,0.7174161586385589,0.03236641408022445,0.0
1,0.7180773600275198,0.024029857508969587,0.0
1,0.7187391708079357,0.025900070433298086,0.0
1,0.7194015915414478,0.03393504138866709,0.0
1,0.7200646227902148,0.02888463621684587,0.0
1,0.7207282651169139,0.02198803493171049,0.0
1,0.7213925190847407,0.03958292064520101,0.0
1,0.7220573852574095,0.02821976827646728,0.0
1,0.7227228641991547,0.022857449695226063,0.0
1,0.72338895647473,0.024944655672658522,0.0
1,0.7240556626494107,0.02310247363060887,0.0
1,0.7247229832889922,0.028497952136585222,0.0
1,0.7253909189597916,0.03107808093526161,0.0
1,0.7260594702286477,0.05097584963651517,0.0
1,0.7267286376629224,0.02601818479762831,0.0
1,0.7273984218304999,0.031796440291899986,0.0
1,0.7280688232997878,0.020075276575864345,0.0
1,0.7287398426397181,0.02365454960392393,0.0
1,0.7294114804197463,0.03851643304925848,0.0
1,0.7300837372098538,0.02285144670209872,0.0
1,0.7307566135805462,0.04142869602087761,0.0
1,0.7314301101028559,0.02434161254503061,0.0
1,0.7321042273483408,0.02607487777242092,0.0
1,0.7327789658890859,0.04748176536841283,0.0
1,0.7334543262977037,0.04090846405065689,0.0
1,0.7341303091473341,0.025788475376943072,0.0
1,0.7348069150116453,0.01588305653821063,0.0
1,0.7354841444648343,0.02042338328532046,0.0
1,0.7361619980816271,0.03403744786870939,0.0
1,0.7368404764372798,0.02799381131618101,0.0
1,0.7375195801075783,0.026821875343618334,0.0
1,0.7381993096688394,0.026494079793784056,0.0
1,0.7388796656979107,0.031337364131902315,0.0
1,0.7395606487721719,0.024407928944195818,0.0
1,0.7402422594695346,0.021026740128776627,0.0
1,0.7409244983684432,0.04203949950236513,0.0
1,0.7416073660478749,0.022808310316206903,0.0
1,0.7422908630873408,0.03516792231171471,0.0
1,0.7429749900668858,0.019600340243560506,0.0
1,0.74365974756709,0.03488065673446655,0.0
1,0.744345136169068,0.022964972146911587,0.0
1,0.7450311564544699,0.03189320205541674,0.0
1,0.7457178090054823,0.03548626735728248,0.0
1,0.7464050944048285,0.035958983768055855,0.0
1,0.7470930132357683,0.02402160848016413,0.0
1,0.7477815660820993,0.03394964581414683,0.0
1,0.7484707535281573,0.037774352248605175,0.0
1,0.7491605761588161,0.01585713324425758,0.0
1,0.7498510345594896,0.05499325868776309,0.0
1,0.7505421293161305,0.02500820575742969,0.0
1,0.7512338610152314,0.03320398793702175,0.0
1,0.7519262302438257,0.031116479311611423,0.0
1,0.7526192375894878,0.03239357897104233,0.0
1,0.7533128836403339,0.029926799820228625,0.0
1,0.7540071689850218,0.03407210489912809,0.0
1,0.7547020942127523,0.037285955817821195,0.0
1,0.7553976599132686,0.03782867603085931,0.0
1,0.7560938666768577,0.03235793257996125,0.0
1,0.7567907150943511,0.03187465181042015,0.0
1,0.7574882057571245,0.04640800439712036,0.0
1,0.7581863392570982,0.01785232395226125,0.0
1,0.7588851161867387,0.02355194524975948,0.0
1,0.759584537139058,0.03409504137553536,0.0
1,0.7602846027076154,0.02357388544828403,0.0
1,0.7609853134865165,0.026995153446120322,0.0
1,0.7616866700704147,0.037264513509147446,0.0
1,0.7623886730545113,0.01789767244608098,0.0
1,0.7630913230345567,0.026208180276425727,0.0
1,0.76379462060685,0.029709559139483775,0.0
1,0.7644985663682397,0.049562482145690735,0.0
1,0.7652031609161246,0.03696370235466718,0.0
1,0.7659084048484539,0.04800584499024371,0.0
1,0.7666142987637284,0.03084390857292037,0.0
1,0.7673208432610001,0.04148889564274365,0.0
1,0.768028038939873,0.032899107390457025,0.0
1,0.768735886400504,0.033422187548825255,0.0
1,0.7694443862436028,0.04458927854707783,0.0
1,0.7701535390704333,0.03020429980866585,0.0
1,0.770863345482813,0.03237249410139132,0.0
1,0.7715738060831144,0.034859176773127734,0.0
1,0.772284921474265,0.023620885636749554,0.0
1,0.7729966922597477,0.033074082897627595,0.0
1,0.7737091190436024,0.04022050897248421,0.0
1,0.7744222024304251,0.03812316948073179,0.0
1,0.7751359430253691,0.04098474211616907,0.0
1,0.7758503414341456,0.03953937514037113,0.0
1,0.7765653982630235,0.0369705908480746,0.0
1,0.7772811141188314,0.05285106733627795,0.0
1,0.7779974896089566,0.03766382027732675,0.0
1,0.7787145253413462,0.02960085624002039,0.0
1,0.7794322219245076,0.0278744355135987,0.0
1,0.780150579967509,0.03814295083374258,0.0
1,0.7808696000799805,0.030878185188115095,0.0
1,0.7815892828721133,0.02799397471398703,0.0
1,0.7823096289546614,0.025936340679981542,0.0
1,0.7830306389389413,0.06192824808942465,0.0
1,0.7837523134368336,0.04547874138342891,0.0
1,0.7844746530607823,0.02178209017960051,0.0
1,0.7851976584237961,0.03803259092769504,0.0
1,0.7859213301394484,0.04446125987970467,0.0
1,0.786645668821878,0.02081089734803779,0.0
1,0.7873706750857907,0.02449595004125342,0.0
1,0.7880963495464576,0.03362506799399628,0.0
1,0.7888226928197176,0.05620838431951085,0.0
1,0.7895497055219768,0.04666544533730161,0.0
1,0.7902773882702094,0.04104804968568259,0.0
1,0.7910057416819589,0.03717746738227272,0.0
1,0.7917347663753372,0.04904820482119405,0.0
1,0.7924644629690263,0.029666338706244348,0.0
1,0.7931948320822779,0.049938897854493326,0.0
1,0.7939258743349148,0.03019852114507866,0.0
1,0.7946575903473314,0.03954361617703631,0.0
1,0.7953899807404932,0.03251142097416389,0.0
1,0.7961230461359384,0.023721604538978272,0.0
1,0.796856787155778,0.035080748143707034,0.0
1,0.797591204422696,0.03267101821954272,0.0
1,0.7983262985599511,0.029730490982530593,0.0
1,0.7990620701913757,0.06780578499381716,0.0
1,0.7997985199413772,0.033996599832739324,0.0
1,0.800535648434939,0.04799505519976971,0.0
1,0.8012734562976197,0.030651140963874685,0.0
1,0.8020119441555553,0.032711073179394756,0.0
1,0.8027511126354586,0.029211297518728408,0.0
1,0.8034909623646196,0.0347165298034617,0.0
1,0.8042314939709065,0.023951769397318794,0.0
1,0.804972708082767,0.04855719887643926,0.0
1,0.8057146053292271,0.029840169448101375,0.0
1,0.8064571863398928,0.034611086248778206,0.0
1,0.8072004517449505,0.044514210283732966,0.0
1,0.807944402175167,0.0877435905553987,0.0
1,0.8086890382618913,0.045458289107592774,0.0
1,0.8094343606370534,0.0328580504258698,0.0
1,0.8101803699331662,0.028277173257749005,0.0
1,0.8109270667833253,0.0333940209624523,0.0
1,0.8116744518212097,0.03126335608252627,0.0
1,0.812422525681083,0.06118291740844282,0.0
1,0.8131712889977928,0.0470644970837475,0.0
1,0.813920742406772,0.031270681904967096,0.0
1,0.8146708865440391,0.026709258822975115,0.0
1,0.8154217220461987,0.029168810022873446,0.0
1,0.8161732495504425,0.04526575567899335,0.0
1,0.8169254696945489,0.03169055564576044,0.0
1,0.8176783831168848,0.037233962333767766,0.0
1,0.8184319904564046,0.026187040030889095,0.0
1,0.8191862923526521,0.044654018349446066,0.0
1,0.8199412894457607,0.03345968031225076,0.0
1,0.8206969823764534,0.04565088958568195,0.0
1,0.8214533717860439,0.02861797926497132,0.0
1,0.8222104583164369,0.03769693744925421,0.0
1,0.8229682426101285,0.04440172552622047,0.0
1,0.8237267253102075,0.037997407398521636,0.0
1,0.824485907060355,0.05235903373816134,0.0
1,0.8252457885048453,0.0551984994597854,0.0
1,0.8260063702885464,0.07685724454503107,0.0
1,0.8267676530569215,0.04877945207000473,0.0
1,0.8275296374560275,0.04242321019154645,0.0
1,0.8282923241325174,0.06399366604213821,0.0
1,0.8290557137336401,0.04264919432938429,0.0
1,0.8298198069072406,0.02723632030766412,0.0
1,0.830584604301762,0.08531394692649762,0.0
1,0.8313501065662441,0.03690969881747142,0.0
1,0.8321163143503251,0.03921559451333095,0.0
1,0.832883228304242,0.06102242918922214,0.0
1,0.833650849078831,0.05791984783014756,0.0
1,0.8344191773255287,0.024590664868590593,0.0
1,0.8351882136963713,0.11469843856532247,0.0
1,0.8359579588439963,0.059741446132228544,0.0
1,0.8367284134216426,0.04463211973648552,0.0
1,0.8374995780831512,0.03172278299200246,0.0
1,0.838271453482966,0.05421903075964527,0.0
1,0.8390440402761336,0.06159895520033385,0.0
1,0.8398173391183045,0.032915499724529854,0.0
1,0.8405913506657335,0.03955932895743821,0.0
1,0.8413660755752801,0.04605044345331106,0.0
1,0.8421415145044097,0.03849713300153819,0.0
1,0.842917668111193,0.0635904553300829,0.0
1,0.8436945370543074,0.037644512755118556,0.0
1,0.8444721219930376,0.08088568788849643,0.0
1,0.8452504235872754,0.04383789909611661,0.0
1,0.8460294424975217,0.0925592081692011,0.0
1,0.8468091793848852,0.04410768400799588,0.0
1,0.8475896349110845,0.04200421259167646,0.0
1,0.8483708097384475,0.053153879868220344,0.0
1,0.8491527045299133,0.09071052503646966,0.0
1,0.8499353199490315,0.04369877349158635,0.0
1,0.8507186566599632,0.08390868650088965,0.0
1,0.8515027153274818,0.0418486529225853,0.0
1,0.8522874966169732,0.04010602658689583,0.0
1,0.8530730011944371,0.0868095444301667,0.0
1,0.8538592297264863,0.036776572450363164,0.0
1,0.8546461828803483,0.10688394860357998,0.0
1,0.8554338613238656,0.06025126003055638,0.0
1,0.8562222657254959,0.0491501527529066,0.0
1,0.8570113967543137,0.05816902841107642,0.0
1,0.8578012550800093,0.037894294119976794,0.0
1,0.8585918413728907,0.07466968607491667,0.0
1,0.8593831563038835,0.057985922930898416,0.0
1,0.8601752005445316,0.04803518839443403,0.0
1,0.8609679747669983,0.06736382138904211,0.0
1,0.8617614796440659,0.06520473605063971,0.0
1,0.8625557158491367,0.07522167694602708,0.0
1,0.8633506840562342,0.06255670297648355,0.0
1,0.8641463849400022,0.04653719913651278,0.0
1,0.8649428191757073,0.07500189784874331,0.0
1,0.8657399874392379,0.051852385019631686,0.0
1,0.8665378904071054,0.08028571108452984,0.0
1,0.8673365287564446,0.0804139696239414,0.0
1,0.8681359031650144,0.06395045626807283,0.0
1,0.8689360143111988,0.06501698017639648,0.0
1,0.8697368628740064,0.05259082990309914,0.0
1,0.870538449533072,0.09215047046947895,0.0
1,0.8713407749686564,0.053803504853053616,0.0
1,0.872143839861648,0.03843399307822141,0.0
1,0.8729476448935621,0.04958840012655132,0.0
1,0.8737521907465425,0.05945913126800624,0.0
1,0.8745574781033614,0.11749116490373228,0.0
1,0.8753635076474202,0.04419282340701643,0.0
1,0.876170280062751,0.05296875835162373,0.0
1,0.8769777960340153,0.032829650335926955,0.0
1,0.8777860562465061,0.06707758374116943,0.0
1,0.8785950613861478,0.054915281293921044,0.0
1,0.8794048121394972,0.0780971001616739,0.0
1,0.8802153091937438,0.13261584040309124,0.0
1,0.8810265532367104,0.06488070358908861,0.0
1,0.8818385449568537,0.04251824738486007,0.0
1,0.882651285043265,0.09164468484243016,0.0
1,0.8834647741856702,0.0847480907975392,0.0
1,0.8842790130744319,0.07007369299423831,0.0
1,0.8850940024005481,0.06444955255650522,0.0
1,0.885909742855654,0.052727891977966325,0.0
1,0.8867262351320223,0.05276693194596027,0.0
1,0.8875434799225631,0.04866552501531951,0.0
1,0.8883614779208262,0.036816279127598626,0.0
1,0.8891802298209999,0.10987818207027455,0.0
1,0.8899997363179122,0.0529385017094082,0.0
1,0.8908199981070318,0.04701986277078969,0.0
1,0.8916410158844681,0.05670554933120143,0.0
1,0.8924627903469726,0.10179916480945163,0.0
1,0.8932853221919386,0.07529864749193615,0.0
1,0.8941086121174018,0.09809923930485405,0.0
1,0.8949326608220416,0.07880503693085399,0.0
1,0.8957574690051816,0.06341365905532145,0.0
1,0.8965830373667896,0.08889623831647735,0.0
1,0.8974093666074783,0.07547827485948935,0.0
1,0.8982364574285067,0.09050375600273,0.0
1,0.8990643105317793,0.08770445535358444,0.0
1,0.8998929266198485,0.13413909133967503,0.0
1,0.9007223063959136,0.11217930411109196,0.0
1,0.9015524505638219,0.20833747951809523,0.0
1,0.9023833598280697,0.06560034804140422,0.0
1,0.9032150348938023,0.11511317783796897,0.0
1,0.9040474764668155,0.06930021004574868,0.0
1,0.9048806852535548,0.0812140555370562,0.0
1,0.9057146619611173,0.11932223690204168,0.0
1,0.9065494072972515,0.11145254345326065,0.0
1,0.9073849219703584,0.2360889928674619,0.0
1,0.9082212066894919,0.10851863118619495,0.0
1,0.9090582621643594,0.13747613065240794,0.0
1,0.9098960891053222,0.09431650530065,0.0
1,0.9107346882233964,0.08580331315761436,0.0
1,0.9115740602302533,0.12290525427697638,0.0
1,0.9124142058382205,0.08777892030194588,0.0
1,0.9132551257602819,0.0445135077627905,0.0
1,0.9140968207100781,0.14387762286955402,0.0
1,0.9149392914019081,0.05866141993391341,0.0
1,0.9157825385507286,0.12127175668759496,0.0
1,0.9166265628721557,0.07320667579823822,0.0
1,0.9174713650824651,0.07064183430372764,0.0
1,0.9183169458985921,0.2582534635359022,0.0
1,0.9191633060381331,0.08698421509498719,0.0
1,0.9200104462193462,0.16067984006490113,0.0
1,0.920858367161151,0.08516343494941801,0.0
1,0.9217070695831296,0.12500849705632938,0.0
1,0.9225565542055278,0.11590519191542335,0.0
1,0.9234068217492546,0.11428222929796625,0.0
1,0.9242578729358841,0.07396882120845147,0.0
1,0.925109708487655,0.10377438305887565,0.0
1,0.9259623291274716,0.049638417661069474,0.0
1,0.9268157355789047,0.10194251705682289,0.0
1,0.9276699285661917,0.15054915666481528,0.0
1,0.928524908814238,0.13218281024866066,0.0
1,0.9293806770486165,0.08127184449615449,0.0
1,0.9302372339955691,0.08910874886536563,0.0
1,0.9310945803820071,0.11222709430484293,0.0
1,0.9319527169355113,0.18822834627343163,0.0
1,0.9328116443843341,0.09593640599646251,0.0
1,0.9336713634573979,0.18113589103608643,0.0
1,0.9345318748842977,0.11041996877372294,0.0
1,0.9353931793953005,0.1045081515515978,0.0
1,0.9362552777213463,0.09187464074198988,0.0
1,0.9371181705940494,0.1174206157472211,0.0
1,0.937981858745698,0.11314298926113642,0.0
1,0.9388463429092546,0.33163430826307744,0.0
1,0.939711623818358,0.12254192714726539,0.0
1,0.9405777022073234,0.1420934660668188,0.0
1,0.9414445788111419,0.12110732967902732,0.0
1,0.9423122543654825,0.11383615579984863,0.0
1,0.9431807296066921,0.19977092205779007,0.0
1,0.9440500052717961,0.11725876568619047,0.0
1,0.9449200820984999,0.1743626620071868,0.0
1,0.9457909608251878,0.3053092627906263,0.0
1,0.9466626421909253,0.2765248325165662,0.0
1,0.9475351269354589,0.11120298581577666,0.0
1,0.9484084157992164,0.0910545794323328,0.0
1,0.9492825095233091,0.08453080782817333,0.0
1,0.9501574088495303,0.28804329634600445,0.0
1,0.9510331145203573,0.49832216671113805,0.0
1,0.951909627278952,0.0989758890609931,0.0
1,0.9527869478691605,0.32700533359377465,0.0
1,0.9536650770355154,0.2844638268872344,0.0
1,0.954544015523235,0.2273879613922372,0.0
1,0.9554237640782243,0.09775401875662854,0.0
1,0.9563043234470759,0.38851584070171,0.0
1,0.9571856943770704,0.11553501038958937,0.0
1,0.9580678776161776,0.24279779544718388,0.0
1,0.958950873913056,0.08358051665663994,0.0
1,0.9598346840170545,0.21367899977945928,0.0
1,0.9607193086782125,0.24341959221239548,0.0
1,0.9616047486472604,0.14404256396617257,0.0
1,0.9624910046756212,0.33316054649299026,0.0
1,0.96337807751541,0.1552640620942716,0.0
1,0.964265967919435,0.26688244094980734,0.0
1,0.9651546766411981,0.6232393466817502,0.0
1,0.9660442044348964,0.13928975600014387,0.0
1,0.9669345520554212,0.18485682682690155,0.0
1,0.9678257202583602,0.7925682729648051,0.0
1,0.968717709799997,0.18915952177216572,0.0
1,0.9696105214373124,0.5143145400287502,0.0
1,0.9705041559279852,0.5604953591274299,0.0
1,0.9713986140303921,0.250338237255495,0.0
1,0.9722938965036088,0.17110427871072037,0.0
1,0.9731900041074106,0.8986191088127288,0.0
1,0.9740869376022732,0.0951121690495448,0.0
1,0.9749846977493731,2.0231564697384363,0.0
1,0.9758832853105884,0.373561277464328,0.0
1,0.9767827010484992,0.3875151049461089,0.0
1,0.9776829457263886,0.3256413004759521,0.0
1,0.9785840201082429,0.5943328251827614,0.0
1,0.979485924958753,0.5492162125936019,0.0
1,0.9803886610433142,1.174472805311163,0.0
1,0.9812922291280274,0.6108612498948689,0.0
1,0.9821966299796994,0.6489579842514832,0.0
1,0.9831018643658436,1.4861793405199735,0.0
1,0.9840079330546814,0.31110083788552056,0.0
1,0.9849148368151416,2.729111879361549,0.0
1,0.985822576416862,0.4532498843581272,0.0
1,0.9867311526301895,0.2775637890777926,0.0
1,0.987640566226181,8.302893386710057,0.0
1,0.9885508179766045,1.042417575249878,0.0
1,0.9894619086539387,2.1390158393835765,0.0
1,0.9903738390313745,0.9759054277659651,0.0
1,0.9912866098828154,0.6720436794112238,0.0
1,0.9922002219828783,2.259696000373255,0.0
1,0.9931146761068936,1.538827598873456,0.0
1,0.994029973030907,1.6561949125943207,0.0
1,0.9949461135316786,1.0385834637600917,0.0
1,0.9958630983866846,1.5892396087743,0.0
1,0.9967809283741186,161.40021056009508,0.0
1,0.9976996042728904,0.5381591497446387,0.0
1,0.998619126862628,25003.930109427005,0.0
1,0.999539496923678,1.2113567704234882,0.0
1,1.000460715237106,13.088081880393911,0.0
1,1.0013827825846984,0.359909145131116,0.0
1,1.00230569974896,1.1668573442965493,0.0
1,1.0032294675131193,6.689926418981933,0.0
1,1.0041540866611256,16.337689312832865,0.0
1,1.0050795579776497,1.7726078179607878,0.0
1,1.0060058822480875,2.706206280415195,0.0
1,1.006933060258557,1.9283352599734525,0.0
1,1.0078610927959015,0.567069909863984,0.0
1,1.0087899806476905,1.7230023149531573,0.0
1,1.0097197246022172,0.5895389164626769,0.0
1,1.010650325448503,0.4142740471896668,0.0
1,1.0115817839762957,0.7191964835476731,0.0
1,1.0125141009760714,0.3505758955280646,0.0
1,1.013447277239035,0.5348297383519363,0.0
1,1.0143813135571191,0.4121830337871101,0.0
1,1.0153162107229885,0.7512958517394184,0.0
1,1.0162519695300363,0.5073834665174111,0.0
1,1.017188590772388,0.6954723896747895,0.0
1,1.0181260752449017,0.7805210108130729,0.0
1,1.0190644237431659,0.46229917773098367,0.0
1,1.020003637063505,0.4206180569942821,0.0
1,1.0209437160029746,0.2682229351959425,0.0
1,1.021884661359367,0.5670143546994523,0.0
1,1.0228264739312096,0.2878872716658983,0.0
1,1.023769154517764,0.7321537654098221,0.0
1,1.0247127039190311,0.4509818107596261,0.0
1,1.025657122935746,0.6821322471401872,0.0
1,1.0266024123693847,0.18842145198342736,0.0
1,1.0275485730221605,0.42944855092845063,0.0
1,1.0284956056970254,0.33761619578664653,0.0
1,1.0294435111976734,0.36480873388885515,0.0
1,1.0303922903285367,0.400460013726401,0.0
1,1.031341943894791,0.1896904555445171,0.0
1,1.032292472702354,0.1579605578080826,0.0
1,1.033243877557884,1.4968026391076,0.0
1,1.034196159268785,0.5680359383364574,0.0
1,1.035149318643205,0.2091351293320393,0.0
1,1.036103356490035,0.12166210606580899,0.0
1,1.0370582736189138,0.14657926182507813,0.0
1,1.0380140708402243,0.0961161681219017,0.0
1,1.038970748965098,0.11150122300661792,0.0
1,1.0399283088054132,0.11673666293344984,0.0
1,1.040886751173796,0.12507299904552432,0.0
1,1.041846076883623,0.1465963260162346,0.0
1,1.0428062867490182,0.14444028671937553,0.0
1,1.0437673815848578,0.15213888381151291,0.0
1,1.0447293622067688,0.14220971238095015,0.0
1,1.0456922294311286,0.3654907803898484,0.0
1,1.0466559840750689,0.2999297740889369,0.0
1,1.0476206269564723,0.2631228744603332,0.0
1,1.0485861588939769,0.10311829734044226,0.0
1,1.0495525807069757,0.376559794349258,0.0
1,1.0505198932156146,0.20535628821453375,0.0
1,1.0514880972407978,0.4190073989727833,0.0
1,1.052457193604184,0.21381109303522502,0.0
1,1.0534271831281912,0.1148590993956052,0.0
1,1.0543980666359942,0.1487325809894739,0.0
1,1.0553698449515263,0.19689846643582865,0.0
1,1.056342518899481,0.14157093926982098,0.0
1,1.0573160893053108,0.09108987648692671,0.0
1,1.05829055699523,0.14814547416299587,0.0
1,1.0592659227962142,0.13432558463509686,0.0
1,1.0602421875360002,0.1982722692026702,0.0
1,1.0612193520430895,0.16219643944950088,0.0
1,1.062197417146745,0.15658327718353665,0.0
1,1.0631763836769952,0.06494790953649023,0.0
1,1.0641562524646342,0.14901231430101977,0.0
1,1.06513702434122,0.20420312059758658,0.0
1,1.0661187001390786,0.21169865842867233,0.0
1,1.0671012806913018,0.3666388390851957,0.0
1,1.0680847668317504,0.13322150218937776,0.0
1,1.0690691593950534,0.13507422514412246,0.0
1,1.0700544592166081,0.06298072681219143,0.0
1,1.0710406671325834,0.045378168257352684,0.0
1,1.072027783979917,0.14569125553608855,0.0
1,1.0730158105963192,0.11654093509377152,0.0
1,1.0740047478202728,0.08423917094707643,0.0
1,1.0749945964910315,0.2580630041286639,0.0
1,1.0759853574486244,0.10583279403539342,0.0
1,1.0769770315338536,0.1488603422192935,0.0
1,1.0779696195882964,0.273644165298482,0.0
1,1.0789631224543068,0.1439129311054465,0.0
1,1.079957540975013,0.09475477580576322,0.0
1,1.0809528759943228,0.1281508413337612,0.0
1,1.0819491283569191,0.09317063458834351,0.0
1,1.0829462989082657,0.07036303922869558,0.0
1,1.0839443884946045,0.09774115890079368,0.0
1,1.0849433979629566,0.06610205652439911,0.0
1,1.0859433281611253,0.23999447694112594,0.0
1,1.0869441799376949,0.06162683030528288,0.0
1,1.0879459541420302,0.07122716175587587,0.0
1,1.0889486516242814,0.10982013745373155,0.0
1,1.08995227323538,0.14349466659721824,0.0
1,1.0909568198270425,0.0614039644808872,0.0
1,1.0919622922517718,0.12548265394548358,0.0
1,1.0929686913628536,0.09963953529085409,0.0
1,1.0939760180143627,0.0648265930866213,0.0
1,1.0949842730611594,0.06946701284845379,0.0
1,1.0959934573588928,0.09549668472200781,0.0
1,1.0970035717640005,0.11588161375910282,0.0
1,1.0980146171337084,0.1167038682917732,0.0
1,1.0990265943260344,0.09800191351973436,0.0
1,1.1000395041997848,0.11424463420955927,0.0
1,1.1010533476145594,0.11632750801302119,0.0
1,1.1020681254307498,0.047460568207923194,0.0
1,1.1030838385095394,0.07297821164052279,0.0
1,1.104100487712907,0.07668697901178478,0.0
1,1.1051180739036242,0.11056598047002608,0.0
1,1.1061365979452589,0.07960097792479075,0.0
1,1.1071560607021753,0.04431967476023322,0.0
1,1.1081764630395323,0.14288493036279518,0.0
1,1.1091978058232888,0.06011614583591375,0.0
1,1.1102200899201988,0.09720960816719298,0.0
1,1.1112433161978175,0.08294799393625703,0.0
1,1.1122674855244996,0.03521494396220561,0.0
1,1.1132925987693982,0.0368584585910109,0.0
1,1.1143186568024697,0.0354543507340203,0.0
1,1.11534566049447,0.05136722113642861,0.0
1,1.1163736107169597,0.05356657604145181,0.0
1,1.1174025083423023,0.10006264201368649,0.0
1,1.1184323542436632,0.0771171454208541,0.0
1,1.1194631492950156,0.09217558023191963,0.0
1,1.1204948943711355,0.06431967548247809,0.0
1,1.1215275903476067,0.04514728834454513,0.0
1,1.1225612381008205,0.06431330051028919,0.0
1,1.1235958385079736,0.1349157245499386,0.0
1,1.1246313924470739,0.05384930019670213,0.0
1,1.125667900796936,0.054834881461107585,0.0
1,1.126705364437186,0.06590325962266165,0.0
1,1.1277437842482612,0.03775837063086914,0.0
1,1.1287831611114083,0.05276912373600693,0.0
1,1.1298234959086884,0.06026446123868315,0.0
1,1.1308647895229733,0.049066365565831424,0.0
1,1.1319070428379507,0.11616693249039828,0.0
1,1.132950256738122,0.06673038213317671,0.0
1,1.1339944321088025,0.03468038503147687,0.0
1,1.1350395698361258,0.07631149510158948,0.0
1,1.1360856708070395,0.0586086552093188,0.0
1,1.1371327359093106,0.05018958322907282,0.0
1,1.1381807660315246,0.07172257036765037,0.0
1,1.139229762063084,0.06868866523196202,0.0
1,1.1402797248942131,0.0643835588445151,0.0
1,1.1413306554159546,0.050874426276968296,0.0
1,1.142382554520174,0.05497672462708037,0.0
1,1.143435423099559,0.058887107015913605,0.0
1,1.1444892620476181,0.040230347284189796,0.0
1,1.1455440722586852,0.1057481641511614,0.0
1,1.1465998546279181,0.0625374328824628,0.0
1,1.1476566100512988,0.03953116372056473,0.0
1,1.148714339425636,0.05046412803881456,0.0
1,1.1497730436485638,0.04993526346305335,0.0
1,1.1508327236185447,0.0331261287285968,0.0
1,1.1518933802348699,0.044723909339205295,0.0
1,1.1529550143976566,0.04117517535823177,0.0
1,1.1540176270078548,0.03854543348738859,0.0
1,1.1550812189672424,0.05212532621691894,0.0
1,1.1561457911784299,0.05059752156828959,0.0
1,1.15721134454486,0.05112217064017119,0.0
1,1.158277879970806,0.03667034373140657,0.0
1,1.159345398361377,0.04311403007588941,0.0
1,1.1604139006225145,0.038135339043349994,0.0
1,1.1614833876609956,0.041264764803335845,0.0
1,1.162553860384434,0.04320183680701526,0.0
1,1.1636253197012782,0.04545058176097912,0.0
1,1.1646977665208156,0.04826405911016561,0.0
1,1.16577120175317,0.035332648393307714,0.0
1,1.1668456263093054,0.05349621250261865,0.0
1,1.1679210411010255,0.05738522273658185,0.0
1,1.1689974470409723,0.061894377103142224,0.0
1,1.1700748450426317,0.08697374568548562,0.0
1,1.1711532360203292,0.03808286029870833,0.0
1,1.1722326208892342,0.05229788253230454,0.0
1,1.17331300056536,0.05770682488863954,0.0
1,1.1743943759655624,0.03927774935847031,0.0
1,1.1754767480075445,0.03319085510574849,0.0
1,1.1765601176098524,0.03608878590012955,0.0
1,1.1776444856918813,0.043798623856052696,0.0
1,1.178729853173873,0.030867001866040907,0.0
1,1.1798162209769165,0.028963236467677334,0.0
1,1.1809035900229512,0.04245415993889214,0.0
1,1.1819919612347645,0.0492780233435847,0.0
1,1.1830813355359955,0.041679869585390654,0.0
1,1.1841717138511352,0.044689654040399866,0.0
1,1.1852630971055242,0.051972668303583505,0.0
1,1.1863554862253591,0.04363766255792614,0.0
1,1.187448882137687,0.024860019361725164,0.0
1,1.1885432857704115,0.03285578836872737,0.0
1,1.1896386980522913,0.02263644597295691,0.0
1,1.1907351199129395,0.04599199107156034,0.0
1,1.1918325522828281,0.019359248413049947,0.0
1,1.1929309960932846,0.036677457819399545,0.0
1,1.1940304522764962,0.04311226063654314,0.0
1,1.1951309217655097,0.055681875644294325,0.0
1,1.1962324054942297,0.0435197411553316,0.0
1,1.1973349043974242,0.03827812808550886,0.0
1,1.19843841941072,0.03246635480902947,0.0
1,1.1995429514706084,0.036594971443945815,0.0
1,1.2006485015144435,0.021141650951396106,0.0
1,1.2017550704804414,0.030364635890428888,0.0
1,1.2028626593076857,0.032339958960453385,0.0
1,1.203971268936123,0.034642256100447445,0.0
1,1.2050809003065677,0.027803958114265784,0.0
1,1.2061915543607018,0.03860271504890909,0.0
1,1.2073032320410726,0.018504717002971478,0.0
1,1.208415934291099,0.03278652505974143,0.0
1,1.2095296620550682,0.046099401340369654,0.0
1,1.2106444162781367,0.020836725851132203,0.0
1,1.2117601979063344,0.04248571978851439,0.0
1,1.2128770078865603,0.02561897528967352,0.0
1,1.2139948471665885,0.04715837385272313,0.0
1,1.215113716695066,0.024535232933436856,0.0
1,1.2162336174215127,0.02357026548229762,0.0
1,1.217354550296326,0.02728385446142538,0.0
1,1.2184765162707767,0.02358882781919685,0.0
1,1.2195995162970141,0.024576543291845554,0.0
1,1.2207235513280652,0.02162485024723191,0.0
1,1.2218486223178333,0.040701207559659586,0.0
1,1.2229747302211036,0.042067999372687855,0.0
1,1.2241018759935385,0.03497241943773636,0.0
1,1.2252300605916835,0.04275675898474325,0.0
1,1.226359284972965,0.029173609891079873,0.0
1,1.2274895500956906,0.0265667662832394,0.0
1,1.2286208569190533,0.03160811076107378,0.0
1,1.2297532064031276,0.02188567258030984,0.0
1,1.230886599508875,0.019728992382909583,0.0
1,1.232021037198142,0.045269878457527175,0.0
1,1.2331565204336605,0.030786985682365587,0.0
1,1.2342930501790519,0.020323017007035264,0.0
1,1.235430627398823,0.040039197025165084,0.0
1,1.2365692530583716,0.05017509621760392,0.0
1,1.2377089281239853,0.02234268827702269,0.0
1,1.2388496535628402,0.029613169790315197,0.0
1,1.2399914303430066,0.020568487231592332,0.0
1,1.2411342594334442,0.06293982766104518,0.0
1,1.2422781418040076,0.025379495291104347,0.0
1,1.2434230784254459,0.0460909496558568,0.0
1,1.2445690702694,0.03067287368406866,0.0
1,1.2457161183084096,0.047716433004120755,0.0
1,1.2468642235159075,0.01985522947272968,0.0
1,1.2480133868662266,0.02887227850846823,0.0
1,1.2491636093345968,0.03006847599899814,0.0
1,1.2503148918971454,0.017879748719569464,0.0
1,1.2514672355309018,0.02580982764099205,0.0
1,1.2526206412137932,0.04017946083028627,0.0
1,1.2537751099246501,0.019592232681441547,0.0
1,1.2549306426432052,0.03529152830256507,0.0
1,1.2560872403500922,0.043508213998481746,0.0
1,1.257244904026851,0.025942807009531863,0.0
1,1.258403634655924,0.04102840637869347,0.0
1,1.2595634332206602,0.02230914743569848,0.0
1,1.260724300705316,0.02219321079032046,0.0
1,1.2618862380950517,0.019861695517703417,0.0
1,1.2630492463759395,0.022251585681389626,0.0
1,1.2642133265349567,0.02493059413047915,0.0
1,1.2653784795599927,0.015987431139212208,0.0
1,1.2665447064398476,0.021282888396333927,0.0
1,1.2677120081642304,0.01818241121073394,0.0
1,1.268880385723765,0.02081981860864101,0.0
1,1.2700498401099858,0.02155947490224875,0.0
1,1.2712203723153428,0.026652448043629262,0.0
1,1.2723919833332011,0.021986190075732805,0.0
1,1.273564674157839,0.02486884112750057,0.0
1,1.274738445784453,0.01680247380227669,0.0
1,1.2759132992091573,0.018728273106891558,0.0
1,1.277089235428982,0.020331750285116496,0.0
1,1.2782662554418784,0.01835654397082021,0.0
1,1.2794443602467154,0.03246160709700459,0.0
1,1.280623550843284,0.034476502150472224,0.0
1,1.2818038282322972,0.022295627818031342,0.0
1,1.282985193415388,0.02210852384626017,0.0
1,1.2841676473951151,0.024723798352513655,0.0
1,1.2853511911749589,0.0404870664167012,0.0
1,1.286535825759326,0.02979113532466071,0.0
1,1.2877215521535497,0.022944880618348457,0.0
1,1.2889083713638867,0.017265619047343153,0.0
1,1.2900962843975248,0.024174018068822956,0.0
1,1.2912852922625768,0.028201749042130648,0.0
1,1.292475395968087,0.03110565083404713,0.0
1,1.293666596524029,0.019271812231347434,0.0
1,1.294858894941306,0.01554484204336537,0.0
1,1.2960522922317552,0.020370968518103272,0.0
1,1.2972467894081439,0.029831626466012885,0.0
1,1.2984423874841744,0.021108651784911153,0.0
1,1.2996390874744836,0.017807671140707793,0.0
1,1.3008368903946415,0.013208726937703563,0.0
1,1.3020357972611567,0.017991411534031297,0.0
1,1.303235809091472,0.015882623958790205,0.0
1,1.3044369269039697,0.020473599014751,0.0
1,1.3056391517179713,0.015541308405934666,0.0
1,1.3068424845537352,0.013777685656328038,0.0
1,1.308046926432463,0.028522180683345142,0.0
1,1.3092524783762947,0.020568329598008007,0.0
1,1.3104591414083142,0.0281883418367291,0.0
1,1.3116669165525487,0.014824836840766353,0.0
1,1.312875804833967,0.01692365005954595,0.0
1,1.3140858072784853,0.02667705852117314,0.0
1,1.3152969249129625,0.030768907805309987,0.0
1,1.316509158765206,0.026897101090128477,0.0
1,1.3177225098639704,0.029053714344553238,0.0
1,1.3189369792389567,0.01541399093537954,0.0
1,1.3201525679208173,0.02855980701261109,0.0
1,1.3213692769411518,0.025605831876570066,0.0
1,1.3225871073325126,0.021977233142172994,0.0
1,1.3238060601284043,0.02334968515586554,0.0
1,1.325026136363281,0.018277580940042244,0.0
1,1.3262473370725536,0.028301252623215076,0.0
1,1.3274696632925846,0.03166981095640585,0.0
1,1.3286931160606932,0.027740802153856096,0.0
1,1.3299176964151551,0.015191505814524706,0.0
1,1.3311434053952007,0.012383956477654275,0.0
1,1.332370244041021,0.015788112699839416,0.0
1,1.3335982133937627,0.016087084338983593,0.0
1,1.3348273144955343,0.020229736493322898,0.0
1,1.3360575483894048,0.01872323315906079,0.0
1,1.3372889161194026,0.018734259259775805,0.0
1,1.33852141873052,0.013291154890046572,0.0
1,1.339755057268713,0.01703607551107634,0.0
1,1.3409898327808984,0.013627224676616674,0.0
1,1.342225746314962,0.014548046638763013,0.0
1,1.343462798919752,0.02023812362208397,0.0
1,1.3447009916450854,0.013962544356458136,0.0
1,1.3459403255417461,0.01748856466685063,0.0
1,1.3471808016614857,0.014537570183229475,0.0
1,1.3484224210570268,0.03435104678482036,0.0
1,1.34966518478206,0.021825180476020598,0.0
1,1.350909093891249,0.011840017627552837,0.0
1,1.3521541494402292,0.016268151524350103,0.0
1,1.353400352485607,0.02023972122919313,0.0
1,1.3546477040849663,0.018453682424473254,0.0
1,1.3558962052968613,0.02417583794476986,0.0
1,1.3571458571808253,0.015415384342646539,0.0
1,1.3583966607973672,0.0183711130200609,0.0
1,1.3596486172079716,0.019972476885082226,0.0
1,1.3609017274751043,0.02220217769775755,0.0
1,1.3621559926622073,0.01927447056838553,0.0
1,1.363411413833705,0.021067102709368322,0.0
1,1.3646679920550024,0.014824816734686011,0.0
1,1.3659257283924853,0.017787535018022705,0.0
1,1.3671846239135237,0.012768523230592441,0.0
1,1.3684446796864698,0.017203241271724967,0.0
1,1.369705896780662,0.015251876395830283,0.0
1,1.370968276266424,0.01661054970156373,0.0
1,1.3722318192150642,0.020461819030125755,0.0
1,1.3734965266988814,0.01212835083909117,0.0
1,1.3747623997911593,0.015256481811081777,0.0
1,1.3760294395661734,0.014449747842409785,0.0
1,1.377297647099189,0.012273398397185858,0.0
1,1.37856702346646,0.019285858050661114,0.0
1,1.3798375697452359,0.014771093447855663,0.0
1,1.3811092870137556,0.015786977646766818,0.0
1,1.3823821763512538,0.016530147583911983,0.0
1,1.3836562388379603,0.02153350807424082,0.0
1,1.384931475555098,0.018420779368002457,0.0
1,1.3862078875848893,0.018589276684389106,0.0
1,1.387485476010551,0.018692889419658975,0.0
1,1.3887642419163009,0.012193894104678919,0.0
1,1.3900441863873554,0.014910631125187406,0.0
1,1.391325310509929,0.0162458580821906,0.0
1,1.3926076153712408,0.012235958876429833,0.0
1,1.3938911020595084,0.0173185182514759,0.0
1,1.3951757716639548,0.01687136781429398,0.0
1,1.396461625274807,0.01294679475120739,0.0
1,1.3977486639832941,0.01985540762402659,0.0
1,1.3990368888816545,0.017793485037101205,0.0
1,1.4003263010631297,0.013414446319249016,0.0
1,1.4016169016219715,0.01387596494964763,0.0
1,1.4029086916534401,0.016958901320007002,0.0
1,1.4042016722538027,0.01924451281436867,0.0
1,1.4054958445203398,0.01571290201985197,0.0
1,1.4067912095513406,0.03288573846309949,0.0
1,1.4080877684461084,0.01281000648235393,0.0
1,1.40938552230496,0.020435993585891245,0.0
1,1.4106844722292238,0.015917720933806816,0.0
1,1.4119846193212453,0.018818575759397375,0.0
1,1.4132859646843865,0.013250877429285648,0.0
1,1.4145885094230237,0.016577428108265804,0.0
1,1.415892254642554,0.011941173283144774,0.0
1,1.4171972014493905,0.012799444689135322,0.0
1,1.4185033509509681,0.014912962457461723,0.0
1,1.4198107042557426,0.011684101128104769,0.0
1,1.4211192624731888,0.017474135728351103,0.0
1,1.422429026713807,0.014804173826665086,0.0
1,1.4237399980891188,0.014612655349976697,0.0
1,1.4250521777116711,0.014891206015914493,0.0
1,1.4263655666950377,0.014439349502330822,0.0
1,1.427680166153815,0.015181138102447521,0.0
1,1.428995977203631,0.014737528430961364,0.0
1,1.4303130009611378,0.014901214613461788,0.0
1,1.4316312385440195,0.01198988183884873,0.0
1,1.4329506910709904,0.01651284613710692,0.0
1,1.434271359661793,0.009339020888905387,0.0
1,1.4355932454372056,0.023564677647004494,0.0
1,1.4369163495190358,0.012782602901520298,0.0
1,1.4382406730301278,0.011877284813811478,0.0
1,1.4395662170943602,0.022836127499179057,0.0
1,1.4408929828366457,0.01131790866091519,0.0
1,1.4422209713829364,0.011968250841839025,0.0
1,1.4435501838602192,0.009367238642931585,0.0
1,1.4448806213965217,0.018118135289765552,0.0
1,1.4462122851209118,0.017878906118257258,0.0
1,1.4475451761634952,0.012824233018909545,0.0
1,1.4488792956554224,0.011480996287810203,0.0
1,1.450214644728883,0.01155614186226832,0.0
1,1.4515512245171132,0.011169060876781062,0.0
1,1.4528890361543922,0.013678899121228886,0.0
1,1.4542280807760442,0.0179902330497862,0.0
1,1.455568359518441,0.009994205300534376,0.0
1,1.4569098735189998,0.012056453405585152,0.0
1,1.4582526239161882,0.011449130107683671,0.0
1,1.4595966118495227,0.010610824194180963,0.0
1,1.4609418384595683,0.013662410771544354,0.0
1,1.4622883048879436,0.00954982498636298,0.0
1,1.4636360122773167,0.00935668368225967,0.0
1,1.464984961771411,0.009837095319513644,0.0
1,1.4663351545150043,0.01363994762947977,0.0
1,1.4676865916539268,0.01313243803644922,0.0
1,1.4690392743350678,0.012229044613978593,0.0
1,1.4703932037063707,0.012127679218233031,0.0
1,1.4717483809168395,0.009219472747346634,0.0
1,1.4731048071165367,0.008888263051093338,0.0
1,1.4744624834565825,0.01122119196724223,0.0
1,1.4758214110891612,0.009851484086544841,0.0
1,1.4771815911675161,0.014332364530649132,0.0
1,1.4785430248459555,0.011333945093840713,0.0
1,1.4799057132798514,0.01792140277810174,0.0
1,1.4812696576256386,0.014506001573407465,0.0
1,1.4826348590408207,0.012687613889845507,0.0
1,1.4840013186839653,0.011257035747257563,0.0
1,1.4853690377147095,0.008786201511040844,0.0
1,1.4867380172937594,0.013314496663016397,0.0
1,1.488108258582889,0.0142648902416804,0.0
1,1.4894797627449448,0.012990904198219399,0.0
1,1.4908525309438452,0.011692472220681566,0.0
1,1.4922265643445791,0.013651879258549075,0.0
1,1.4936018641132123,0.014744964783247994,0.0
1,1.4949784314168817,0.010260711911118226,0.0
1,1.4963562674238025,0.012459589159650598,0.0
1,1.497735373303267,0.014609989303938116,0.0
1,1.499115750225642,0.01569791230558445,0.0
1,1.500497399362377,0.009987414698392993,0.0
1,1.501880321885997,0.013663309166150791,0.0
1,1.503264518970111,0.011073573051106426,0.0
1,1.504649991789409,0.0155570403220894,0.0
1,1.5060367415196614,0.009700199507336096,0.0
1,1.5074247693377258,0.01998383823059956,0.0
1,1.5088140764215408,0.009270150490764965,0.0
1,1.510204663950133,0.008850792130166317,0.0
1,1.511596533103616,0.008320514102287964,0.0
1,1.5129896850631885,0.009232495317873351,0.0
1,1.5143841210111408,0.010562890339916033,0.0
1,1.5157798421308502,0.024219625231934768,0.0
1,1.5171768496067863,0.011862579328771366,0.0
1,1.5185751446245113,0.009244384112165853,0.0
1,1.5199747283706766,0.007683549876911125,0.0
1,1.5213756020330311,0.012457557883240261,0.0
1,1.5227777668004154,0.009103858759873767,0.0
1,1.5241812238627677,0.011368666047794171,0.0
1,1.5255859744111229,0.00986241900331859,0.0
1,1.5269920196376114,0.010584867648891097,0.0
1,1.5283993607354658,0.009589931377350664,0.0
1,1.5298079988990148,0.009516132696217398,0.0
1,1.53121793532369,0.009654081710115305,0.0
1,1.5326291712060256,0.009120246802455427,0.0
1,1.5340417077436557,0.010521670100870914,0.0
1,1.535455546135321,0.009852073145379179,0.0
1,1.5368706875808644,0.011129257421180547,0.0
1,1.5382871332812371,0.010292909114326967,0.0
1,1.5397048844384966,0.00756054594911889,0.0
1,1.541123942255806,0.00976742066039842,0.0
1,1.5425443079374412,0.011220631878161568,0.0
1,1.543965982688784,0.008261227536631546,0.0
1,1.5453889677163293,0.009429384055244476,0.0
1,1.546813264227685,0.011081088500139514,0.0
1,1.5482388734315689,0.0076934835613451874,0.0
1,1.549665796537816,0.012014521690287138,0.0
1,1.5510940347573736,0.013625577108065562,0.0
1,1.5525235893023066,0.01069217435835381,0.0
1,1.5539544613857978,0.011104906529973299,0.0
1,1.5553866522221456,0.010624609576958028,0.0
1,1.5568201630267704,0.010477669848131973,0.0
1,1.5582549950162097,0.008482863568226539,0.0
1,1.559691149408125,0.011962343379474863,0.0
1,1.5611286274212992,0.01003484844595435,0.0
1,1.562567430275637,0.008981887281153005,0.0
1,1.5640075591921703,0.014573388617918456,0.0
1,1.5654490153930527,0.012758314409798329,0.0
1,1.5668918001015673,0.009127086264610057,0.0
1,1.5683359145421243,0.01108119809824489,0.0
1,1.56978135994026,0.008987326880372456,0.0
1,1.5712281375226422,0.007715109960168911,0.0
1,1.57267624851707,0.01329733774184067,0.0
1,1.574125694152471,0.009300603356997153,0.0
1,1.5755764756589095,0.00950914283972754,0.0
1,1.5770285942675792,0.011060959104446245,0.0
1,1.5784820512108118,0.008564591443438805,0.0
1,1.5799368477220743,0.006634034451689311,0.0
1,1.581392985035968,0.007980307126760436,0.0
1,1.582850464388236,0.009452860851502069,0.0
1,1.5843092870157562,0.010734734628117148,0.0
1,1.5857694541565495,0.006960101778607041,0.0
1,1.5872309670497775,0.008773899504479746,0.0
1,1.5886938269357413,0.014921801187994679,0.0
1,1.590158035055889,0.011391187225460358,0.0
1,1.591623592652809,0.008998071257461755,0.0
1,1.5930905009702379,0.006164402531134972,0.0
1,1.5945587612530576,0.008837773264211606,0.0
1,1.596028374747296,0.00957774280828262,0.0
1,1.5974993427001323,0.00796212202894265,0.0
1,1.5989716663598914,0.008445304535752056,0.0
1,1.600445346976052,0.013326118500608053,0.0
1,1.6019203857992435,0.0105284842078717,0.0
1,1.6033967840812462,0.00852564631587123,0.0
1,1.6048745430749969,0.011014953271160897,0.0
1,1.606353664034584,0.01089327153835089,0.0
1,1.6078341482152545,0.00914418460894539,0.0
1,1.6093159968734116,0.008058555487715452,0.0
1,1.6107992112666152,0.010669860383728313,0.0
1,1.6122837926535858,0.010165246402742254,0.0
1,1.6137697422942021,0.010072039174783234,0.0
1,1.615257061449506,0.008982578548030872,0.0
1,1.6167457513817014,0.008360817765644518,0.0
1,1.6182358133541535,0.007578578434395333,0.0
1,1.6197272486313945,0.006190683071899386,0.0
1,1.6212200584791192,0.009650200990412434,0.0
1,1.6227142441641915,0.010368256056104702,0.0
1,1.6242098069546427,0.008674492750427873,0.0
1,1.6257067481196703,0.008269277406339634,0.0
1,1.6272050689296447,0.00816207385304153,0.0
1,1.6287047706561042,0.007882088920437331,0.0
1,1.630205854571761,0.010369085859516822,0.0
1,1.6317083219505009,0.012361452813497079,0.0
1,1.6332121740673806,0.012004035547557456,0.0
1,1.6347174121986359,0.008560371772816055,0.0
1,1.6362240376216752,0.0073017761523442425,0.0
1,1.6377320516150864,0.0072479691772706556,0.0
1,1.6392414554586363,0.00936144362969416,0.0
1,1.6407522504332688,0.008673040697086846,0.0
1,1.6422644378211109,0.01059486419941361,0.0
1,1.643778018905469,0.006545302167693906,0.0
1,1.6452929949708337,0.01034453614832765,0.0
1,1.64680936730288,0.009455380996754956,0.0
1,1.6483271371884658,0.007962189423664456,0.0
1,1.6498463059156372,0.010718084039534061,0.0
1,1.6513668747736252,0.00744491425195136,0.0
1,1.6528888450528505,0.010049304168243465,0.0
1,1.654412218044924,0.009534182835566105,0.0
1,1.6559369950426444,0.00615534056806516,0.0
1,1.6574631773400035,0.009460332346353413,0.0
1,1.6589907662321868,0.010544689411474491,0.0
1,1.6605197630155701,0.009643204771516985,0.0
1,1.6620501689877283,0.009120673129305945,0.0
1,1.6635819854474279,0.006941195875084626,0.0
1,1.6651152136946354,0.008103363441365237,0.0
1,1.6666498550305155,0.006857120717741326,0.0
1,1.6681859107574295,0.00710963660570086,0.0
1,1.669723382178942,0.005269133356132847,0.0
1,1.6712622705998161,0.009022053825397865,0.0
1,1.6728025773260198,0.010614198704539706,0.0
1,1.6743443036647248,0.007145307961978769,0.0
1,1.6758874509243047,0.009097296659003598,0.0
1,1.677432020414343,0.010360583523652375,0.0
1,1.678978013445626,0.009022193736583991,0.0
1,1.6805254313301512,0.0062965452413001706,0.0
1,1.682074275381125,0.010191513467507464,0.0
1,1.6836245469129618,0.007073819005178854,0.0
1,1.6851762472412906,0.00652544701816841,0.0
1,1.6867293776829493,0.005904808054336574,0.0
1,1.6882839395559928,0.008898469958503836,0.0
1,1.68983993417969,0.00503737599601218,0.0
1,1.6913973628745234,0.009453614579054264,0.0
1,1.6929562269621958,0.008737022765542814,0.0
1,1.6945165277656253,0.009182392129241638,0.0
1,1.6960782666089513,0.006388341184290269,0.0
1,1.6976414448175334,0.009458200600607303,0.0
1,1.6992060637179505,0.00576544273835946,0.0
1,1.7007721246380076,0.007172708861206031,0.0
1,1.7023396289067299,0.007987371279974712,0.0
1,1.7039085778543699,0.011321993727053302,0.0
1,1.7054789728124065,0.016102624683225826,0.0
1,1.7070508151135428,0.006486116923753524,0.0
1,1.7086241060917138,0.009616240466077257,0.0
1,1.7101988470820806,0.008804174307766751,0.0
1,1.711775039421037,0.007362702493800732,0.0
1,1.7133526844462088,0.008248600556148886,0.0
1,1.7149317834964521,0.006721855110480244,0.0
1,1.7165123379118603,0.010135097262591541,0.0
1,1.7180943490337581,0.006668542038442439,0.0
1,1.7196778182047097,0.008522552440312841,0.0
1,1.721262746768516,0.01075169748729507,0.0
1,1.7228491360702143,0.00868196595564304,0.0
1,1.7244369874560845,0.007450668551607189,0.0
1,1.7260263022736444,0.006133207813704714,0.0
1,1.7276170818716559,0.007808836910644314,0.0
1,1.7292093276001241,0.006599722348371461,0.0
1,1.730803040810296,0.0067671311546867495,0.0
1,1.7323982228546668,0.006746631822115863,0.0
1,1.7339948750869754,0.01129714788114148,0.0
1,1.7355929988622107,0.007592129970748813,0.0
1,1.7371925955366103,0.008003383907345429,0.0
1,1.738793666467659,0.008104745003015756,0.0
1,1.7403962130140964,0.008578548946127912,0.0
1,1.7420002365359128,0.008389849078148888,0.0
1,1.7436057383943504,0.008161443569061885,0.0
1,1.7452127199519092,0.009291277139736126,0.0
1,1.7468211825723412,0.006625942526914558,0.0
1,1.7484311276206583,0.006363420243435353,0.0
1,1.7500425564631301,0.006654058138622146,0.0
1,1.751655470467283,0.008878818561923695,0.0
1,1.7532698710019072,0.008607916689086257,0.0
1,1.754885759437051,0.006487554542881603,0.0
1,1.756503137144028,0.004943124420543,0.0
1,1.7581220054954159,0.004714999218247206,0.0
1,1.759742365865054,0.007798045941481209,0.0
1,1.761364219628052,0.006749544461373422,0.0
1,1.7629875681607834,0.0048150939020883575,0.0
1,1.7646124128408927,0.005948111638108581,0.0
1,1.7662387550472942,0.00607272037985448,0.0
1,1.7678665961601703,0.006893604796190021,0.0
1,1.769495937560979,0.007571620510469639,0.0
1,1.771126780632448,0.006021120666551552,0.0
1,1.772759126758582,0.006324380923305971,0.0
1,1.7743929773246614,0.006153423000721611,0.0
1,1.7760283337172407,0.005228111028853118,0.0
1,1.7776651973241553,0.00618229350797854,0.0
1,1.779303569534517,0.007812873545375576,0.0
1,1.7809434517387197,0.0055635073793863475,0.0
1,1.7825848453284396,0.0046841281743806125,0.0
1,1.784227751696632,0.0066785717726783175,0.0
1,1.7858721722375401,0.005823695655316826,0.0
1,1.7875181083466885,0.005534154266350501,0.0
1,1.7891655614208903,0.0063478290812218246,0.0
1,1.7908145328582465,0.00698670595383228,0.0
1,1.7924650240581435,0.005847717303344639,0.0
1,1.7941170364212613,0.006125563699736637,0.0
1,1.7957705713495669,0.005490858666115498,0.0
1,1.7974256302463227,0.00676546508416556,0.0
1,1.7990822145160839,0.0044421993759790794,0.0
1,1.8007403255646972,0.005119186616411393,0.0
1,1.8023999647993099,0.006710800335966437,0.0
1,1.804061133628361,0.006562224590753203,0.0
1,1.8057238334615913,0.006588814013937956,0.0
1,1.8073880657100405,0.005618588938689334,0.0
1,1.8090538317860463,0.005627103135644594,0.0
1,1.8107211331032513,0.006112428219722398,0.0
1,1.8123899710765976,0.00679698701747635,0.0
1,1.8140603471223342,0.006929555810955905,0.0
1,1.8157322626580155,0.0065133518489383395,0.0
1,1.8174057191024988,0.004991336637227189,0.0
1,1.8190807178759536,0.006160562629911826,0.0
1,1.8207572603998545,0.004524511897253006,0.0
1,1.8224353480969888,0.0053174478746811004,0.0
1,1.8241149823914549,0.0065905128942648035,0.0
1,1.8257961647086611,0.0048320441168741785,0.0
1,1.8274788964753335,0.006849518510303223,0.0
1,1.8291631791195087,0.007418404133104473,0.0
1,1.830849014070543,0.005253485805951404,0.0
1,1.8325364027591091,0.00564324970990959,0.0
1,1.8342253466171967,0.006364277715017283,0.0
1,1.8359158470781172,0.007455077329843328,0.0
1,1.8376079055765029,0.007684838309391011,0.0
1,1.8393015235483061,0.0051227468590415905,0.0
1,1.840996702430806,0.004320893753834901,0.0
1,1.8426934436626028,0.007933417504110278,0.0
1,1.8443917486836252,0.0063458904637882195,0.0
1,1.846091618935129,0.0053625534295563,0.0
1,1.847793055859696,0.004400602070025068,0.0
1,1.8494960609012405,0.006123461764413893,0.0
1,1.8512006355050046,0.006078187351716789,0.0
1,1.8529067811175646,0.004082899432921302,0.0
1,1.8546144991868303,0.007470879606656525,0.0
1,1.8563237911620432,0.0046148681581576825,0.0
1,1.8580346584937841,0.005868428895491637,0.0
1,1.8597471026339671,0.005903717171336294,0.0
1,1.861461125035847,0.006080773687994525,0.0
1,1.8631767271540185,0.006121566302247614,0.0
1,1.8648939104444133,0.006505909412001521,0.0
1,1.8666126763643096,0.005302180628651244,0.0
1,1.8683330263723243,0.005147751247607606,0.0
1,1.8700549619284217,0.0058857069753829585,0.0
1,1.8717784844939114,0.005077703463231389,0.0
1,1.8735035955314476,0.0048143831066444435,0.0
1,1.8752302965050354,0.005746758019664985,0.0
1,1.8769585888800264,0.006647606797088557,0.0
1,1.8786884741231247,0.0046768512229541015,0.0
1,1.880419953702387,0.005199129789467197,0.0
1,1.882153029087219,0.004475929555955143,0.0
1,1.883887701748386,0.004405847039290972,0.0
1,1.8856239731580038,0.004763977977050969,0.0
1,1.8873618447895484,0.006293499011368362,0.0
1,1.8891013181178535,0.004191917546393835,0.0
1,1.8908423946191097,0.005854960872301412,0.0
1,1.892585075770871,0.006085415546463722,0.0
1,1.8943293630520508,0.005732383417634897,0.0
1,1.896075257942927,0.0053755212831695974,0.0
1,1.8978227619251422,0.004491399241423911,0.0
1,1.8995718764817022,0.003802031410727992,0.0
1,1.9013226030969832,0.004480926127485455,0.0
1,1.9030749432567249,0.005842854146948262,0.0
1,1.9048288984480404,0.006230210166994065,0.0
1,1.9065844701594123,0.00637242647233768,0.0
1,1.9083416598806928,0.004903430185325513,0.0
1,1.9101004691031112,0.0053608564181998105,0.0
1,1.9118608993192665,0.005219311307536849,0.0
1,1.913622952023137,0.007742310454496919,0.0
1,1.9153866287100778,0.004463142420560556,0.0
1,1.917151930876819,0.00460696294198595,0.0
1,1.9189188600214744,0.006975873022207928,0.0
1,1.920687417643534,0.004335510906573972,0.0
1,1.9224576052438735,0.003307010503565116,0.0
1,1.9242294243247515,0.004715339219358701,0.0
1,1.9260028763898083,0.005110163560388175,0.0
1,1.9277779629440734,0.00503473285522466,0.0
1,1.9295546854939605,0.0066739594964678566,0.0
1,1.9313330455472735,0.005246427822339733,0.0
1,1.933113044613207,0.00520604444291585,0.0
1,1.934894684202343,0.004117381536688246,0.0
1,1.9366779658266586,0.005060986655866117,0.0
1,1.9384628909995247,0.005898374748709588,0.0
1,1.9402494612357037,0.005085432603437451,0.0
1,1.9420376780513586,0.006457459880736913,0.0
1,1.9438275429640453,0.00508621190301498,0.0
1,1.9456190574927212,0.004227103250293631,0.0
1,1.947412223157744,0.004105302604477209,0.0
1,1.9492070414808698,0.005010851653531428,0.0
1,1.9510035139852604,0.004497787323259695,0.0
1,1.9528016421954784,0.005281331333197506,0.0
1,1.954601427637494,0.004667635342158172,0.0
1,1.9564028718386834,0.006392302163419211,0.0
1,1.9582059763278286,0.005367243803500067,0.0
1,1.9600107426351234,0.004987376070647753,0.0
1,1.9618171722921687,0.004333906019745708,0.0
1,1.9636252668319798,0.0046329375873635625,0.0
1,1.9654350277889843,0.004349035389641894,0.0
1,1.967246456699022,0.00650438359332609,0.0
1,1.9690595550993515,0.0057119477608346386,0.0
1,1.9708743245286444,0.005106998865640597,0.0
1,1.9726907665269933,0.005430649970430374,0.0
1,1.9745088826359105,0.004344490300111168,0.0
1,1.976328674398326,0.0037512639125568507,0.0
1,1.978150143358595,0.004999855496673395,0.0
1,1.9799732910624934,0.004086433094962582,0.0
1,1.9817981190572238,0.005536873871130213,0.0
1,1.983624628891415,0.0038949602325043264,0.0
1,1.9854528221151202,0.003624544062519458,0.0
1,1.9872827002798252,0.006233115923961648,0.0
1,1.9891142649384412,0.003500541269157295,0.0
1,1.9909475176453146,0.00582225569222918,0.0
1,1.9927824599562236,0.004956196078014115,0.0
1,1.9946190934283774,0.004141494200760035,0.0
1,1.9964574196204243,0.0037594807845003726,0.0
1,1.9982974400924458,0.004941189617311916,0.0
1,2.000139156405963,0.004632474662117973,0.0
1,2.0019825701239378,0.0046890689537693086,0.0
1,2.003827682810768,0.0049806022900101546,0.0
1,2.0056744960322983,0.004064768756405324,0.0
1,2.007523011355812,0.005107578459456569,0.0
1,2.0093732303500396,0.004379032645237338,0.0
1,2.0112251545851585,0.004468507765562574,0.0
1,2.013078785632789,0.006621031884831025,0.0
1,2.014934125066005,0.005813408583961064,0.0
1,2.016791174459325,0.0033329423578744477,0.0
1,2.0186499353887233,0.005947379645931131,0.0
1,2.020510409431625,0.0033290285281434152,0.0
1,2.0223725981669065,0.004892750279827427,0.0
1,2.024236503174904,0.004297497945251421,0.0
1,2.0261021260374057,0.003627216791633342,0.0
1,2.0279694683376603,0.004294211021972141,0.0
1,2.029838531660377,0.0051280860336256565,0.0
1,2.0317093175917207,0.004102641311531279,0.0
1,2.0335818277193236,0.004946374046921582,0.0
1,2.0354560636322767,0.004281846646524077,0.0
1,2.0373320269211384,0.004528691775747777,0.0
1,2.0392097191779333,0.007315650693786996,0.0
1,2.04108914199615,0.004465120367360524,0.0
1,2.0429702969707484,0.0038452143626049066,0.0
1,2.0448531856981598,0.004916112180087137,0.0
1,2.0467378097762823,0.005960164222698612,0.0
1,2.048624170804491,0.0043614340079676465,0.0
1,2.050512270383632,0.0034489465181303395,0.0
1,2.0524021101160286,0.005247476175713842,0.0
1,2.054293691605482,0.0038535195527970027,0.0
1,2.056187016457267,0.006209331392915203,0.0
1,2.058082086278144,0.0061999443351183235,0.0
1,2.059978902676348,0.005226896563179206,0.0
1,2.061877467261601,0.004498206570735412,0.0
1,2.0637777816451073,0.004782167186729285,0.0
1,2.0656798474395544,0.004581318490088604,0.0
1,2.067583666259119,0.004865970515140556,0.0
1,2.069489239719462,0.005663881331639452,0.0
1,2.0713965694377365,0.0038338110211513705,0.0
1,2.073305657032586,0.0031220979610844697,0.0
1,2.0752165041241426,0.003994820783789667,0.0
1,2.077129112334035,0.004858837927404065,0.0
1,2.0790434832853837,0.004432813022021665,0.0
1,2.0809596186028076,0.00493540329721562,0.0
1,2.082877519912423,0.005223544793327924,0.0
1,2.0847971888418413,0.003520609642570022,0.0
1,2.0867186270201787,0.0036460931971353822,0.0
1,2.0886418360780485,0.005137969570702183,0.0
1,2.0905668176475705,0.003525048066407107,0.0
1,2.092493573362367,0.003909732909494991,0.0
1,2.094422104857565,0.003039157846760939,0.0
1,2.096352413769802,0.004843192843879051,0.0
1,2.098284501737218,0.005229785723017645,0.0
1,2.100218370399469,0.003757428145649634,0.0
1,2.1021540213977192,0.0038326932344607783,0.0
1,2.1040914563746442,0.0031442661896284823,0.0
1,2.1060306769744366,0.0033154046911094423,0.0
1,2.107971684842801,0.004209656661647828,0.0
1,2.1099144816269617,0.003547235579138425,0.0
1,2.1118590689756607,0.00442847593656304,0.0
1,2.1138054485391566,0.003953077005608338,0.0
1,2.1157536219692337,0.004508643521793402,0.0
1,2.1177035909191937,0.004062422513871047,0.0
1,2.1196553570438654,0.00464626559674976,0.0
1,2.121608921999603,0.0044692756329852285,0.0
1,2.1235642874442835,0.003976964494946596,0.0
1,2.1255214550373176,0.004193004249949771,0.0
1,2.1274804264396394,0.002384020431287574,0.0
1,2.1294412033137173,0.003413321576671913,0.0
1,2.131403787323553,0.0036630873735262743,0.0
1,2.133368180134678,0.004630351363902826,0.0
1,2.135334383414163,0.0036794021964208414,0.0
1,2.13730239883061,0.004267036061537409,0.0
1,2.1392722280541636,0.003315070926511658,0.0
1,2.141243872756507,0.0031252069598189033,0.0
1,2.1432173346108607,0.004572998495021396,0.0
1,2.145192615291992,0.0043314100621151055,0.0
1,2.1471697164762067,0.0049649875328769116,0.0
1,2.14914863984136,0.00395171545598837,0.0
1,2.1511293870668524,0.0035953959521324514,0.0
1,2.15311195983363,0.003724335028445328,0.0
1,2.1550963598241895,0.004195486862228223,0.0
1,2.157082588722581,0.0036695523624805907,0.0
1,2.1590706482144006,0.005169050741805938,0.0
1,2.161060539986804,0.0036700081057548014,0.0
1,2.163052265728498,0.004346112690053117,0.0
1,2.165045827129747,0.004278740673203458,0.0
1,2.1670412258823752,0.004178170988865137,0.0
1,2.1690384636797613,0.00417665627827591,0.0
1,2.1710375422168497,0.004035731165158331,0.0
1,2.1730384631901436,0.0032861051401217893,0.0
1,2.1750412282977107,0.004161840722115419,0.0
1,2.177045839239186,0.003174873616804369,0.0
1,2.1790522977157663,0.003623331321778311,0.0
1,2.181060605430221,0.004303624484788228,0.0
1,2.183070764086885,0.004157127183374756,0.0
1,2.185082775391667,0.003771073945835601,0.0
1,2.1870966410520465,0.004209076410159637,0.0
1,2.189112362777076,0.003310752715496385,0.0
1,2.1911299422773856,0.003702906892879391,0.0
1,2.193149381265178,0.0037037475492915158,0.0
1,2.195170681454238,0.004299173071702252,0.0
1,2.197193844559929,0.004178500666990077,0.0
1,2.1992188722991926,0.0031006561973760806,0.0
1,2.2012457663905565,0.003885964965937374,0.0
1,2.203274528554129,0.003360237432872725,0.0
1,2.205305160511606,0.003894841477135094,0.0
1,2.20733766398627,0.0036335765138403074,0.0
1,2.20937204070299,0.0037757261898531047,0.0
1,2.211408292388228,0.004326192695264239,0.0
1,2.213446420770032,0.00408949649796864,0.0
1,2.215486427578048,0.004087489425722189,0.0
1,2.217528314543514,0.003796214358539399,0.0
1,2.219572083399262,0.004400964889704098,0.0
1,2.2216177358797244,0.004427293022191666,0.0
1,2.223665273720928,0.0031922888276345335,0.0
1,2.2257146986605028,0.0043242579361309685,0.0
1,2.227766012437681,0.004066824855516764,0.0
1,2.229819216793293,0.0036968224358416143,0.0
1,2.2318743134697794,0.00299787947904526,0.0
1,2.2339313042111817,0.00318364408096819,0.0
1,2.235990190763152,0.0027868219607329135,0.0
1,2.2380509748729516,0.004527107369441968,0.0
1,2.2401136582894488,0.0035476995452765835,0.0
1,2.242178242763128,0.003404630909819358,0.0
1,2.244244730046082,0.004117989862688115,0.0
1,2.246313121892023,0.0032128804604614836,0.0
1,2.248383420056278,0.003758398718974672,0.0
1,2.2504556262957895,0.003165345939124056,0.0
1,2.252529742369124,0.004048079137743399,0.0
1,2.254605770036463,0.0043963116058777256,0.0
1,2.2566837110596145,0.003470832296348206,0.0
1,2.2587635672020103,0.0028257999441813043,0.0
1,2.2608453402287036,0.0037583824524664066,0.0
1,2.2629290319063786,0.003315738572091526,0.0
1,2.265014644003346,0.004529912195125239,0.0
1,2.2671021782895453,0.003139206814901162,0.0
1,2.26919163653655,0.0034678079254063174,0.0
1,2.2712830205175623,0.003010513776981486,0.0
1,2.273376332007422,0.0033648627207140684,0.0
1,2.2754715727826045,0.0037837380395441883,0.0
1,2.27756874462122,0.0026029594780713275,0.0
1,2.2796678493030207,0.0032513790228270046,0.0
1,2.281768888609396,0.002930566157582856,0.0
1,2.2838718643233786,0.0029625365853493167,0.0
1,2.2859767782296467,0.004104938281674597,0.0
1,2.2880836321145184,0.003990831679568003,0.0
1,2.290192427765963,0.0034407735860476174,0.0
1,2.2923031669735936,0.0038246097756862506,0.0
1,2.2944158515286754,0.0029164362864824885,0.0
1,2.2965304832241253,0.00270025529284068,0.0
1,2.2986470638545087,0.003874176618304109,0.0
1,2.300765595216049,0.0034399807162868432,0.0
1,2.302886079106622,0.002692692134828339,0.0
1,2.3050085173257626,0.0028566659816995758,0.0
1,2.307132911674665,0.003157418323699367,0.0
1,2.309259263956179,0.002733106125507632,0.0
1,2.311387575974822,0.004202125301346482,0.0
1,2.3135178495367685,0.0037215946458937854,0.0
1,2.315650086449862,0.00493401789636179,0.0
1,2.3177842885236126,0.0029368124901220064,0.0
1,2.3199204575691934,0.004240705684424853,0.0
1,2.3220585953994517,0.002933626126096304,0.0
1,2.3241987038289023,0.0028623331524343567,0.0
1,2.3263407846737336,0.0028563417076841683,0.0
1,2.32848483975181,0.003446078810968702,0.0
1,2.330630870882666,0.0033988673480598096,0.0
1,2.33277887988752,0.004241786782659522,0.0
1,2.3349288685892615,0.0030801407043580756,0.0
1,2.3370808388124655,0.0041700386674438745,0.0
1,2.339234792383388,0.0038372059523977694,0.0
1,2.3413907311299647,0.0030667128913555984,0.0
1,2.3435486568818207,0.0026185431384101424,0.0
1,2.3457085714702623,0.0027868139266503285,0.0
1,2.347870476728288,0.00301590680618787,0.0
1,2.3500343744905843,0.003936906690366505,0.0
1,2.3522002665935267,0.0032936164274575083,0.0
1,2.354368154875187,0.0035038149811248203,0.0
1,2.3565380411753263,0.0025419097536567947,0.0
1,2.3587099273354046,0.002939831559530144,0.0
1,2.36088381519858,0.003285361066753881,0.0
1,2.3630597066097057,0.002953619399488395,0.0
1,2.365237603415338,0.003336763498047851,0.0
1,2.3674175074637334,0.0032661592799799375,0.0
1,2.3695994206048527,0.0035609061704068,0.0
1,2.371783344690363,0.0038129722428280736,0.0
1,2.373969281573635,0.0035779990518603542,0.0
1,2.3761572331097502,0.003378593497107233,0.0
1,2.378347201155498,0.002583470815243278,0.0
1,2.380539187569379,0.003268766013084366,0.0
1,2.3827331942116103,0.0024347713083554983,0.0
1,2.384929222944118,0.0024629437222774765,0.0
1,2.3871272756305477,0.002745017165331967,0.0
1,2.389327354136263,0.0037014019173011105,0.0
1,2.3915294603283437,0.002365306749623788,0.0
1,2.3937335960755943,0.0036849596843184767,0.0
1,2.395939763248537,0.0028806672782565814,0.0
1,2.398147963719422,0.003687455742397208,0.0
1,2.4003581993622243,0.0034669502256704492,0.0
1,2.4025704720526435,0.0027806888221902208,0.0
1,2.4047847836681115,0.0034741864711823455,0.0
1,2.407001136087787,0.0031302042165971358,0.0
1,2.4092195311925635,0.002744997518085903,0.0
1,2.4114399708650676,0.0024738777746260857,0.0
1,2.413662456989658,0.004289136507378931,0.0
1,2.4158869914524352,0.003175902981313856,0.0
1,2.418113576141233,0.003215080093775667,0.0
1,2.420342212945627,0.003109335297524241,0.0
1,2.422572903756938,0.0033130505712472094,0.0
1,2.4248056504682225,0.002504311494776121,0.0
1,2.4270404549742888,0.002887961739779415,0.0
1,2.429277319171686,0.0026564460274387026,0.0
1,2.4315162449587144,0.0032854643626192086,0.0
1,2.4337572342354252,0.00236645206642037,0.0
1,2.4360002889036156,0.0023276642329672728,0.0
1,2.4382454108668417,0.0033388650117950965,0.0
1,2.440492602030408,0.0028332703865492303,0.0
1,2.442741864301379,0.0024117704648398464,0.0
1,2.4449931995885774,0.002337180955143801,0.0
1,2.447246609802581,0.0028750985367536736,0.0
1,2.4495020968557335,0.0035345896724192924,0.0
1,2.4517596626621363,0.002524392566399116,0.0
1,2.454019309137658,0.00358213844631193,0.0
1,2.4562810381999336,0.0031931136131992453,0.0
1,2.458544851768362,0.0024079140373856277,0.0
1,2.460810751764115,0.0038609050038793803,0.0
1,2.463078740110131,0.0028024604046263495,0.0
1,2.465348818731124,0.00351325151905999,0.0
1,2.4676209895535823,0.0024004386631284384,0.0
1,2.469895254505765,0.003944538836359071,0.0
1,2.472171615517715,0.002389727841500722,0.0
1,2.474450074521247,0.0024688314804578943,0.0
1,2.4767306334499617,0.0026092894099891068,0.0
1,2.4790132942392407,0.0026974510626744056,0.0
1,2.4812980588262463,0.0027467650801970907,0.0
1,2.483584929149931,0.0031870806961645216,0.0
1,2.4858739071510287,0.0030490636814700317,0.0
1,2.4881649947720663,0.002434868583002121,0.0
1,2.4904581939573616,0.0037673704397665313,0.0
1,2.4927535066530195,0.0044178855734166265,0.0
1,2.495050934806944,0.0028913365638827426,0.0
1,2.497350480368829,0.002296246136282084,0.0
1,2.49965214529017,0.0024173058808378963,0.0
1,2.50195593152426,0.0027451000817768634,0.0
1,2.504261841026189,0.0026101841237534825,0.0
1,2.5065698757528545,0.0029620918802998933,0.0
1,2.5088800376629514,0.002727358962084906,0.0
1,2.511192328716984,0.002905517048190254,0.0
1,2.5135067508772644,0.0029783939601886827,0.0
1,2.515823306107907,0.0032329596710716233,0.0
1,2.518141996374844,0.0035558703845896744,0.0
1,2.5204628236458158,0.0028052929426796397,0.0
1,2.5227857898903743,0.0030011380779386802,0.0
1,2.5251108970798923,0.002762205679226163,0.0
1,2.527438147187553,0.003166541814075848,0.0
1,2.5297675421883623,0.0030301438596642177,0.0
1,2.5320990840591473,0.002732246743656555,0.0
1,2.534432774778552,0.0028723285568794787,0.0
1,2.5367686163270506,0.002392766806682418,0.0
1,2.5391066106869356,0.0031506383091773186,0.0
1,2.5414467598423314,0.0024382800408958246,0.0
1,2.5437890657791913,0.0034729827927983113,0.0
1,2.5461335304852946,0.0033987217718244476,0.0
1,2.5484801559502572,0.0030051134390393685,0.0
1,2.5508289441655254,0.002857590973370412,0.0
1,2.553179897124383,0.0023665066145767406,0.0
1,2.555533016821951,0.0024024593806234716,0.0
1,2.557888305255186,0.0028572678900971216,0.0
1,2.560245764422891,0.002563691019528462,0.0
1,2.562605396325704,0.0024775836796633787,0.0
1,2.564967202966112,0.002941906859206084,0.0
1,2.567331186348448,0.0032983225467722484,0.0
1,2.569697348478887,0.0027541161907546417,0.0
1,2.5720656913654594,0.0026524602444620176,0.0
1,2.574436217018041,0.0026394184156126013,0.0
1,2.5768089274483623,0.0023072110290770793,0.0
1,2.5791838246700105,0.0026619087255999084,0.0
1,2.5815609106984225,0.0022722291402816966,0.0
1,2.583940187550899,0.0026594270845303465,0.0
1,2.5863216572465944,0.00284554910375682,0.0
1,2.588705321806528,0.002760270232471159,0.0
1,2.591091183253582,0.0033909663641082293,0.0
1,2.593479243612499,0.0030053015810292236,0.0
1,2.595869504909892,0.00244737302036616,0.0
1,2.598261969174238,0.0033761940642367608,0.0
1,2.6006566384358867,0.0029397058441085542,0.0
1,2.603053514727059,0.0024334885124618184,0.0
1,2.6054526000818448,0.0024398901919948667,0.0
1,2.607853896536214,0.002745085573002304,0.0
1,2.610257406128009,0.002450492932395646,0.0
1,2.612663130896952,0.0028409382489461192,0.0
1,2.6150710728846467,0.0017485824037525753,0.0
1,2.6174812341345737,0.0031694453821471762,0.0
1,2.619893616692103,0.002259316146251496,0.0
1,2.6223082226044836,0.002577940454062066,0.0
1,2.6247250539208555,0.0022381000441913912,0.0
1,2.6271441126922483,0.0026164097528545704,0.0
1,2.6295654009715763,0.002915436453969014,0.0
1,2.6319889208136518,0.0023836816848061275,0.0
1,2.6344146742751766,0.0022270373151144955,0.0
1,2.6368426634147504,0.002735701652500315,0.0
1,2.639272890292871,0.0025140333815175894,0.0
1,2.6417053569719315,0.0021583792661976696,0.0
1,2.644140065516231,0.0028366334716470026,0.0
1,2.646577017991965,0.0022205286581111878,0.0
1,2.6490162164672384,0.0023547930324705636,0.0
1,2.651457663012062,0.003480543573610239,0.0
1,2.653901359698349,0.0029225936038455194,0.0
1,2.656347308599928,0.0031141330502812785,0.0
1,2.6587955117925386,0.002085302909843357,0.0
1,2.6612459713538286,0.002089212943598167,0.0
1,2.663698689363366,0.002388472167760165,0.0
1,2.6661536679026314,0.0022671402168628254,0.0
1,2.6686109090550265,0.0022297118722706477,0.0
1,2.6710704149058735,0.0023717595900634857,0.0
1,2.673532187542413,0.0020196759601188645,0.0
1,2.6759962290538137,0.003038279510007639,0.0
1,2.6784625415311654,0.0023259068047189082,0.0
1,2.6809311270674883,0.002500768088571402,0.0
1,2.6834019877577324,0.0021013310678902656,0.0
1,2.685875125698774,0.0020483336069305677,0.0
1,2.688350542989427,0.0018946340068131233,0.0
1,2.6908282417304354,0.0030416186750436888,0.0
1,2.6933082240244826,0.0024912961469393856,0.0
1,2.6957904919761893,0.0026013906827066385,0.0
1,2.6982750476921136,0.0022305603275731235,0.0
1,2.700761893280758,0.0019388661672110554,0.0
1,2.703251030852566,0.0021130449321934766,0.0
1,2.705742462519928,0.0022850480923627863,0.0
1,2.7082361903971814,0.0023514431045659396,0.0
1,2.710732216600609,0.002066449366607619,0.0
1,2.713230543248449,0.0026666106709523534,0.0
1,2.715731172460887,0.0019760340409118835,0.0
1,2.7182341063600655,0.002401943168871773,0.0
1,2.7207393470700842,0.0023071142862768636,0.0
1,2.723246896716996,0.0032490041597699193,0.0
1,2.7257567574288175,0.0021255900709122285,0.0
1,2.7282689313355233,0.002122448676793881,0.0
1,2.730783420569054,0.0028957240301731822,0.0
1,2.7333002272633142,0.0023526781162844053,0.0
1,2.7358193535541724,0.002192804513093003,0.0
1,2.7383408015794712,0.0022056776982429574,0.0
1,2.740864573479017,0.0022053151600523275,0.0
1,2.743390671394593,0.002458437514104867,0.0
1,2.7459190974699568,0.002364009353045616,0.0
1,2.748449853850836,0.0026085499842370646,0.0
1,2.7509829426849444,0.002222648117089457,0.0
1,2.753518366121966,0.0023372963923542983,0.0
1,2.7560561263135734,0.0019914577276474244,0.0
1,2.7585962254134198,0.0021807946291109177,0.0
1,2.761138665577141,0.002503667744818248,0.0
1,2.763683448962363,0.002398979103898833,0.0
1,2.766230577728698,0.002217958883789433,0.0
1,2.7687800540377494,0.002560328062434521,0.0
1,2.771331880053115,0.0030149177711243204,0.0
1,2.773886057940381,0.0020178242607345664,0.0
1,2.7764425898671368,0.002257704012627132,0.0
1,2.779001478002962,0.002487326905409539,0.0
1,2.7815627245194423,0.0019530609004800475,0.0
1,2.784126331590162,0.0017834609417567556,0.0
1,2.786692301390707,0.0021502434177137495,0.0
1,2.7892606360986707,0.001718326724797635,0.0
1,2.791831337893655,0.0023158911241366346,0.0
1,2.794404408957265,0.0022172125919898227,0.0
1,2.7969798514731234,0.0022563112446610323,0.0
1,2.7995576676268588,0.0019164592836779326,0.0
1,2.802137859606118,0.0018762201442192653,0.0
1,2.804720429600566,0.0021406236869142645,0.0
1,2.807305379801879,0.0020787764558983044,0.0
1,2.809892712403762,0.0017685205980386563,0.0
1,2.8124824296019324,0.0023747519979867024,0.0
1,2.8150745335941387,0.0026181060417705777,0.0
1,2.8176690265801536,0.002215842034268891,0.0
1,2.8202659107617722,0.001833148579618008,0.0
1,2.8228651883428264,0.0023650096965495723,0.0
1,2.825466861529172,0.002175509114796403,0.0
1,2.828070932528703,0.0021562766696367505,0.0
1,2.8306774035513476,0.0021474081145640956,0.0
1,2.833286276809067,0.002035450215474855,0.0
1,2.8358975545158662,0.0025709554852792393,0.0
1,2.8385112388877856,0.0023546955919102855,0.0
1,2.841127332142912,0.002112474692409123,0.0
1,2.843745836501377,0.0018979105986753513,0.0
1,2.8463667541853526,0.002028124125524894,0.0
1,2.8489900874190663,0.0017779723511499555,0.0
1,2.8516158384287893,0.002521223381895393,0.0
1,2.8542440094428483,0.0020115719819920035,0.0
1,2.8568746026916245,0.002418549926529071,0.0
1,2.8595076204075496,0.002034024935469878,0.0
1,2.8621430648251187,0.0025957254820844614,0.0
1,2.864780938180882,0.002211823009396041,0.0
1,2.867421242713453,0.002114162178443984,0.0
1,2.870063980663511,0.00209802313586506,0.0
1,2.872709154273793,0.0019973767681207783,0.0
1,2.8753567657891113,0.0022636230989801906,0.0
1,2.8780068174563405,0.0017818692272144215,0.0
1,2.8806593115244303,0.0026481272030959412,0.0
1,2.883314250244403,0.0020267521183134677,0.0
1,2.885971635869351,0.0018474961926614596,0.0
1,2.8886314706544503,0.0020326791729371493,0.0
1,2.891293756856948,0.0018813807358705357,0.0
1,2.8939584967361762,0.0022856613002151084,0.0
1,2.8966256925535507,0.0018615070743737614,0.0
1,2.8992953465725657,0.0027395272702232802,0.0
1,2.9019674610588075,0.002364707736135364,0.0
1,2.904642038279945,0.002341974070134475,0.0
1,2.907319080505742,0.0021559461177153563,0.0
1,2.9099985900080525,0.0026056440624816547,0.0
1,2.912680569060822,0.0023776314524046552,0.0
1,2.9153650199400962,0.001934466138916674,0.0
1,2.9180519449240134,0.0021247204654240345,0.0
1,2.9207413462928153,0.0020214707070702995,0.0
1,2.923433226328846,0.0021335228403638108,0.0
1,2.9261275873165475,0.0019198293674806172,0.0
1,2.9288244315424743,0.002550507698412117,0.0
1,2.931523761295282,0.0018811636924033568,0.0
1,2.934225578865739,0.0018750234862395833,0.0
1,2.936929886546727,0.002102295652235896,0.0
1,2.9396366866332344,0.0020525409509697524,0.0
1,2.942345981422371,0.0027979333741697306,0.0
1,2.945057773213362,0.001855632991167716,0.0
1,2.9477720643075487,0.0020650670203145156,0.0
1,2.950488857008398,0.001742033963126817,0.0
1,2.953208153621495,0.0022705385698632407,0.0
1,2.955929956454554,0.0019896633795728905,0.0
1,2.958654267817415,0.0023003304994539463,0.0
1,2.9613810900220443,0.0016145010057147038,0.0
1,2.964110425382543,0.0018367739342449404,0.0
1,2.9668422762151407,0.0018810032664386112,0.0
1,2.9695766448382055,0.0017709605808641192,0.0
1,2.9723135335722413,0.0017849347504506519,0.0
1,2.975052944739888,0.0022864061378653614,0.0
1,2.9777948806659307,0.002114351685651078,0.0
1,2.980539343677292,0.0018229668696363767,0.0
1,2.983286336103043,0.002158250907466256,0.0
1,2.9860358602744013,0.0020126137765654646,0.0
1,2.988787918524729,0.0018859444220935208,0.0
1,2.991542513189545,0.001685086773585628,0.0
1,2.994299646606514,0.0018106719130631323,0.0
1,2.99705932111546,0.001713659270765572,0.0
1,2.999821539058363,0.001958031266641493,0.0
1,3.0025863027793585,0.0018994353575942035,0.0
1,3.005353614624746,0.0017686483400906005,0.0
1,3.008123476942984,0.001624610976597485,0.0
1,3.010895892084698,0.0020196580438646386,0.0
1,3.0136708624026816,0.001789918662745204,0.0
1,3.0164483902518904,0.0018509770139511703,0.0
1,3.019228477989458,0.0016410616443463732,0.0
1,3.0220111279746833,0.0018318158811975146,0.0
1,3.024796342569046,0.0019081530226182414,0.0
1,3.0275841241361996,0.002204252973577826,0.0
1,3.030374475041974,0.001744995187485717,0.0
1,3.033167397654384,0.0020418953261581757,0.0
1,3.035962894343621,0.0015981026893166232,0.0
1,3.0387609674820664,0.0018534280270396713,0.0
1,3.0415616194442867,0.0015898251041254442,0.0
1,3.0443648526070337,0.0023741039611085892,0.0
1,3.0471706693492546,0.002080810998592242,0.0
1,3.049979072052084,0.0017495047570774663,0.0
1,3.052790063098855,0.0019411828097150056,0.0
1,3.0556036448750974,0.0016679746140731866,0.0
1,3.058419819768536,0.001762660352091473,0.0
1,3.0612385901691,0.002062644611018934,0.0
1,3.064059958468918,0.00196703734096111,0.0
1,3.0668839270623254,0.0019071262664493054,0.0
1,3.0697104983458665,0.0016098090248711492,0.0
1,3.072539674718288,0.0020638618721620576,0.0
1,3.0753714585805536,0.0021715776054962986,0.0
1,3.0782058523358358,0.0019538889703717807,0.0
1,3.081042858389524,0.001876989171617007,0.0
1,3.083882479149226,0.0019903106921103546,0.0
1,3.0867247170247634,0.001612322431462426,0.0
1,3.089569574428185,0.0018733166601411896,0.0
1,3.0924170537737563,0.0021816688028481706,0.0
1,3.0952671574779735,0.001927847714429677,0.0
1,3.0981198879595584,0.002280283836683018,0.0
1,3.1009752476394588,0.0015808961137649261,0.0
1,3.1038332389408576,0.0018711357113862504,0.0
1,3.1066938642891713,0.00169769248370335,0.0
1,3.1095571261120467,0.0019077190079548401,0.0
1,3.1124230268393744,0.0014391583683761697,0.0
1,3.1152915689032787,0.0015443065144962753,0.0
1,3.11816275473813,0.0019251939715038116,0.0
1,3.1210365867805416,0.0016152353811054393,0.0
1,3.1239130674693687,0.0017985517193970268,0.0
1,3.1267921992457204,0.0018789728598762078,0.0
1,3.1296739845529484,0.0017893681237296228,0.0
1,3.1325584258366623,0.0016766446472470829,0.0
1,3.1354455255447253,0.002744383187493933,0.0
1,3.138335286127251,0.0021943697767276816,0.0
1,3.1412277100366186,0.0018459688347618015,0.0
1,3.1441227997274606,0.0016238607496945033,0.0
1,3.1470205576566768,0.0017884846537869576,0.0
1,3.149920986283431,0.0018773119467102512,0.0
1,3.15282408806915,0.0018604179999207509,0.0
1,3.1557298654775336,0.001852120123824884,0.0
1,3.1586383209745468,0.0015854174249538466,0.0
1,3.1615494570284324,0.00153725973668825,0.0
1,3.1644632761097076,0.0016593073439086865,0.0
1,3.167379780691162,0.0015949644562622226,0.0
1,3.1702989732478706,0.001718732599511829,0.0
1,3.173220856257183,0.0020436929551627303,0.0
1,3.176145432198737,0.0019037788384858871,0.0
1,3.179072703554455,0.0018071846799088617,0.0
1,3.1820026728085433,0.001723376881104357,0.0
1,3.1849353424475035,0.0016479785807562758,0.0
1,3.1878707149601224,0.0017595067285814698,0.0
1,3.1908087928374855,0.001922827353367599,0.0
1,3.193749578572974,0.002140534758864402,0.0
1,3.196693074662263,0.0014344111510094558,0.0
1,3.1996392836033323,0.0016511378953242525,0.0
1,3.20258820789646,0.001767024926137592,0.0
1,3.2055398500442323,0.0016320607721706925,0.0
1,3.208494212551541,0.001922571979283551,0.0
1,3.2114512979255827,0.0016603822107905059,0.0
1,3.2144111086758715,0.0015250959861168787,0.0
1,3.217373647314227,0.00185193128166752,0.0
1,3.2203389163547884,0.00153395344783758,0.0
1,3.2233069183140137,0.0017803240690155175,0.0
1,3.226277655710674,0.002021790929637618,0.0
1,3.229251131065868,0.0014668515343173095,0.0
1,3.232227346903013,0.0014155650713349429,0.0
1,3.235206305747855,0.0015169399695427984,0.0
1,3.2381880101284692,0.0019682817422086137,0.0
1,3.241172462575255,0.001366766176485188,0.0
1,3.244159665620952,0.0015962017503263542,0.0
1,3.247149621800625,0.001523667504852825,0.0
1,3.2501423336516826,0.001954874663008964,0.0
1,3.2531378037138703,0.001703253082419765,0.0
1,3.2561360345292707,0.0016527216464864993,0.0
1,3.2591370286423142,0.001972163633924283,0.0
1,3.2621407885997717,0.001435131280939882,0.0
1,3.265147316950765,0.0016383107529136496,0.0
1,3.2681566162467655,0.0015948411356322117,0.0
1,3.2711686890415907,0.0018377338528198157,0.0
1,3.2741835378914184,0.0017618160802477401,0.0
1,3.27720116535478,0.00152579881228742,0.0
1,3.280221573992562,0.0014984594614964575,0.0
1,3.2832447663680164,0.0013554528809920597,0.0
1,3.2862707450467514,0.0016611205377320716,0.0
1,3.2892995125967452,0.001197868480957425,0.0
1,3.2923310715883427,0.0015617473289885485,0.0
1,3.2953654245942516,0.0016616478163334987,0.0
1,3.298402574189559,0.0018227940618638547,0.0
1,3.3014425229517173,0.0014615008335158604,0.0
1,3.30448527346056,0.001619182564040337,0.0
1,3.3075308282982983,0.0017455754250357716,0.0
1,3.3105791900495185,0.0014869131444280152,0.0
1,3.3136303613011955,0.001444731312612822,0.0
1,3.3166843446426806,0.001430302607214139,0.0
1,3.319741142665719,0.0014611752421297703,0.0
1,3.322800757964442,0.00149979470241582,0.0
1,3.3258631931353686,0.001341681718769668,0.0
1,3.3289284507774166,0.0018079427636448393,0.0
1,3.3319965334918926,0.0013082973489975845,0.0
1,3.335067443882506,0.0017080796002945991,0.0
1,3.338141184555365,0.0016198811657389867,0.0
1,3.3412177581189764,0.001547725854874374,0.0
1,3.344297167184256,0.0016488861712178992,0.0
1,3.3473794143645197,0.0016391828985947213,0.0
1,3.3504645022754977,0.001602755947695261,0.0
1,3.353552433535331,0.0011392839266385238,0.0
1,3.3566432107645667,0.0016567762120825748,0.0
1,3.3597368365861766,0.0016963459497642182,0.0
1,3.3628333136255404,0.0017046082931032355,0.0
1,3.3659326445104654,0.0013427383823740276,0.0
1,3.369034831871178,0.0016303759357208009,0.0
1,3.3721398783403256,0.0016607553927598215,0.0
1,3.375247786552988,0.001832168887785772,0.0
1,3.378358559146667,0.0015504066239474246,0.0
1,3.3814721987613003,0.001443940692413765,0.0
1,3.3845887080392587,0.0017391408707510764,0.0
1,3.3877080896253426,0.001565909452947052,0.0
1,3.3908303461667977,0.0014673360092353524,0.0
1,3.393955480313302,0.0015058640206299639,0.0
1,3.397083494716982,0.0013344184409967868,0.0
1,3.400214392032406,0.0016287454476208274,0.0
1,3.4033481749165864,0.0015706871001236976,0.0
1,3.40648484602899,0.001439124723423097,0.0
1,3.409624408031527,0.0014652761624553365,0.0
1,3.4127668635885677,0.001259978183781263,0.0
1,3.4159122153669377,0.0015956975298456358,0.0
1,3.4190604660359143,0.0012912011668674266,0.0
1,3.422211618267242,0.0016611066094562596,0.0
1,3.4253656747351227,0.0015173955294966541,0.0
1,3.428522638116225,0.0013270911750058745,0.0
1,3.431682511089687,0.001464249248002966,0.0
1,3.434845296337109,0.0017740307901790795,0.0
1,3.4380109965425705,0.001760021498210133,0.0
1,3.4411796143926217,0.0013706862014541729,0.0
1,3.4443511525762855,0.001552764470221428,0.0
1,3.4475256137850696,0.0015946371302654498,0.0
1,3.4507030007129553,0.00165175425369687,0.0
1,3.4538833160564124,0.001434609776857648,0.0
1,3.4570665625143953,0.0014705702051409453,0.0
1,3.4602527427883407,0.0012960544527903137,0.0
1,3.463441859582183,0.0015569276606424013,0.0
1,3.4666339156023405,0.0015532860162292966,0.0
1,3.469828913557731,0.001384227763443637,0.0
1,3.47302685615977,0.0013465489876336439,0.0
1,3.4762277461223667,0.0017408068921645977,0.0
1,3.479431586161937,0.0013701913598720425,0.0
1,3.482638378997395,0.001166681702803313,0.0
1,3.4858481273501654,0.0013996284402037526,0.0
1,3.4890608339441807,0.0016664429978952848,0.0
1,3.492276501505879,0.0016359305240717232,0.0
1,3.495495132764218,0.0013245912241110712,0.0
1,3.4987167304506643,0.0015347934018324326,0.0
1,3.5019412972992057,0.0013422424483339518,0.0
1,3.505168836046351,0.0015002696807254962,0.0
1,3.508399349431126,0.0014619338646864148,0.0
1,3.5116328401950865,0.0013104472109372804,0.0
1,3.5148693110823097,0.001497340773525312,0.0
1,3.5181087648394054,0.0013171827212774758,0.0
1,3.521351204215516,0.0014012048385476238,0.0
1,3.5245966319623125,0.0011627966316061233,0.0
1,3.5278450508340082,0.0014459063982656054,0.0
1,3.5310964635873483,0.0018464303538151957,0.0
1,3.5343508729816233,0.001506283399333441,0.0
1,3.5376082817786676,0.0013425410989778533,0.0
1,3.540868692742856,0.0012808386710398952,0.0
1,3.544132108641117,0.0012144961855135037,0.0
1,3.547398532242922,0.0012774465709989385,0.0
1,3.5506679663203022,0.0013400104312384401,0.0
1,3.553940413647842,0.0014581918855229917,0.0
1,3.5572158770026774,0.001463961519003359,0.0
1,3.560494359164512,0.0013057542505244873,0.0
1,3.563775862915604,0.001509359332363956,0.0
1,3.5670603910407803,0.001187167798939775,0.0
1,3.5703479463274355,0.0013139198355959657,0.0
1,3.5736385315655275,0.001850157302384598,0.0
1,3.5769321495475923,0.0015829258390059689,0.0
1,3.580228803068733,0.0018625462913290029,0.0
1,3.5835284949266337,0.0015971805895805891,0.0
1,3.5868312279215573,0.0013938984497399276,0.0
1,3.5901370048563424,0.0014354679362805578,0.0
1,3.593445828536417,0.0015142019343921819,0.0
1,3.5967577017697883,0.0015488758909989761,0.0
1,3.6000726273670574,0.0012316398802015372,0.0
1,3.603390608141414,0.001351880681067677,0.0
1,3.606711646908637,0.0014479424049151789,0.0
1,3.610035746487107,0.0015179934563846257,0.0
1,3.613362909697795,0.0012901797676610747,0.0
1,3.6166931393642763,0.0013242872377788584,0.0
1,3.62002643831273,0.001714422553559394,0.0
1,3.6233628093719332,0.001181626686516924,0.0
1,3.6267022553732775,0.0014730467219400275,0.0
1,3.630044779150762,0.0014658325080654044,0.0
1,3.633390383540993,0.001231241977527304,0.0
1,3.6367390713831993,0.0011424882439670231,0.0
1,3.640090845519217,0.0012154297887130789,0.0
1,3.6434457087935095,0.0012153631670733186,0.0
1,3.64680366405316,0.0013385179820767203,0.0
1,3.6501647141478704,0.0016293048565006248,0.0
1,3.6535288619299764,0.0014526714885465945,0.0
1,3.6568961102544364,0.0012389340224660894,0.0
1,3.6602664619788436,0.0013906722577087928,0.0
1,3.663639919963426,0.0014489407367270458,0.0
1,3.667016487071043,0.0011829799449252618,0.0
1,3.670396166167198,0.0014951315923731041,0.0
1,3.673778960120029,0.0014781930609179517,0.0
1,3.6771648718003225,0.001223793800142784,0.0
1,3.6805539040815125,0.001102878810597688,0.0
1,3.683946059839673,0.0013224148801234594,0.0
1,3.6873413419535384,0.0012835484360697305,0.0
1,3.690739753304488,0.0012455130889498728,0.0
1,3.694141296776562,0.0012095752096044812,0.0
1,3.697545975256459,0.0016122161845321802,0.0
1,3.700953791633532,0.0013818976668476936,0.0
1,3.704364748799806,0.0011659395345364181,0.0
1,3.7077788496499617,0.0011984995261762256,0.0
1,3.711196097081355,0.0013680794167811768,0.0
1,3.7146164939940114,0.001407838098044872,0.0
1,3.7180400432906233,0.0012307221044920548,0.0
1,3.7214667478765664,0.0013751861491483515,0.0
1,3.724896610659887,0.001228717867961221,0.0
1,3.7283296345513155,0.0016573566589404146,0.0
1,3.731765822464267,0.0013003789581015014,0.0
1,3.735205177314835,0.0011428714783956117,0.0
1,3.738647702021808,0.0015563056622266308,0.0
1,3.742093399506658,0.0011725792728761578,0.0
1,3.745542272693554,0.0013303110560296762,0.0
1,3.748994324509361,0.0014304890382274686,0.0
1,3.7524495578836348,0.0012597003857422017,0.0
1,3.7559079757486398,0.0012382216801279206,0.0
1,3.759369581039335,0.0013320523381457135,0.0
1,3.76283437669339,0.0010898494407570634,0.0
1,3.766302365651182,0.0011446172130905336,0.0
1,3.7697735508557924,0.001906251073554717,0.0
1,3.773247935253022,0.0015097619175803818,0.0
1,3.7767255217913807,0.001058843014777806,0.0
1,3.7802063134220996,0.0011464646307821004,0.0
1,3.7836903130991315,0.0012220485435724606,0.0
1,3.7871775237791443,0.001298628746251509,0.0
1,3.79066794842154,0.001297021917171584,0.0
1,3.7941615899884393,0.0009925987493937898,0.0
1,3.7976584514447,0.001195485014956377,0.0
1,3.801158535757911,0.001301993283691168,0.0
1,3.804661845898391,0.0011292720732184386,0.0
1,3.8081683848392047,0.0012027997838834513,0.0
1,3.8116781555561485,0.001163060661702479,0.0
1,3.815191161027767,0.0012022274315500346,0.0
1,3.818707404235351,0.0010792333155598165,0.0
1,3.822226888162931,0.001174671993493301,0.0
1,3.8257496157972963,0.0012333447207338976,0.0
1,3.829275590127987,0.0012247677062625247,0.0
1,3.8328048141472935,0.0012699270274840488,0.0
1,3.8363372908502718,0.0014223523855214095,0.0
1,3.83987302323473,0.0011350639589244862,0.0
1,3.843412014301245,0.0013632899384933039,0.0
1,3.84695426705316,0.0010291290799390605,0.0
1,3.850499784496579,0.0010673745907613316,0.0
1,3.8540485696403857,0.001071991132750437,0.0
1,3.8576006254962283,0.0016437103433437576,0.0
1,3.8611559550785364,0.0012007716721850626,0.0
1,3.8647145614045186,0.001086660459105696,0.0
1,3.8682764474941584,0.0010629225632942932,0.0
1,3.871841616370229,0.0012352916032630538,0.0
1,3.8754100710582833,0.001276486482835386,0.0
1,3.8789818145866684,0.0013317721553743334,0.0
1,3.8825568499865213,0.0011443681886249047,0.0
1,3.8861351802917676,0.0011153276740949766,0.0
1,3.8897168085391374,0.0010732731878559673,0.0
1,3.8933017377681507,0.0013777605670937624,0.0
1,3.8968899710211353,0.0009749129066637116,0.0
1,3.900481511343223,0.0011913849244589562,0.0
1,3.9040763617823457,0.001147730725414206,0.0
1,3.9076745253892526,0.0011577684190174223,0.0
1,3.9112760052174975,0.0011226028338412826,0.0
1,3.9148808043234533,0.0013916366593982145,0.0
1,3.91848892576631,0.0010728028402632148,0.0
1,3.922100372608071,0.0011158305265460973,0.0
1,3.925715147913571,0.0012568943264375662,0.0
1,3.929333254750459,0.0011931414151065739,0.0
1,3.9329546961892206,0.0013029718118264672,0.0
1,3.9365794753031675,0.0011189114554805498,0.0
1,3.9402075951684408,0.0012346658835625164,0.0
1,3.943839058864023,0.001267230669370074,0.0
1,3.947473869471728,0.0012497198182489671,0.0
1,3.951112030076214,0.001188977262433073,0.0
1,3.9547535437649843,0.0012184424474463767,0.0
1,3.95839841362838,0.0013606655629667124,0.0
1,3.9620466427595984,0.0011487892443376511,0.0
1,3.9656982342546816,0.001200865977130071,0.0
1,3.969353191212529,0.001267564754639367,0.0
1,3.973011516734897,0.0010439924094441733,0.0
1,3.9766732139263947,0.0010954223628403695,0.0
1,3.9803382858945007,0.0011675880038193452,0.0
1,3.9840067357495488,0.0011757541342315469,0.0
1,3.987678566604746,0.0011409358397337834,0.0
1,3.9913537815761693,0.0011342543123967917,0.0
1,3.99503238378276,0.0011469561437785544,0.0
1,3.998714376346343,0.0010505464326852141,0.0
1,4.0023997623916125,0.0010303889258070108,0.0
1,4.006088545046148,0.0016454071723710335,0.0
1,4.009780727440411,0.0012531305278843264,0.0
1,4.013476312707744,0.0010554924150134744,0.0
1,4.017175303984384,0.0011892500392917734,0.0
1,4.020877704409451,0.0009590307183784794,0.0
1,4.024583517124963,0.0010476303036145711,0.0
1,4.028292745275835,0.0010805734119213853,0.0
1,4.032005392009874,0.0013391971385451843,0.0
1,4.035721460477796,0.0010058834648616248,0.0
1,4.039440953833217,0.0011751142950635269,0.0
1,4.043163875232656,0.0010848777186207642,0.0
1,4.046890227835551,0.0009808179094821386,0.0
1,4.050620014804238,0.0011131268775206556,0.0
1,4.054353239303981,0.0010770060871582432,0.0
1,4.058089904502955,0.0011535284032681485,0.0
1,4.061830013572252,0.0012505524594240407,0.0
1,4.0655735696858954,0.0013790788475756073,0.0
1,4.069320576020823,0.00115500296960466,0.0
1,4.073071035756909,0.0010822774557341969,0.0
1,4.076824952076957,0.0010505120200857403,0.0
1,4.080582328166699,0.001146333208576079,0.0
1,4.08434316721481,0.0011376724072845253,0.0
1,4.088107472412896,0.0012420237093346627,0.0
1,4.091875246955513,0.0011271018913177275,0.0
1,4.095646494040157,0.0010473761001363855,0.0
1,4.099421216867268,0.0012126650862732727,0.0
1,4.1031994186402425,0.0008939657982576435,0.0
1,4.106981102565422,0.001061296826240419,0.0
1,4.11076627185211,0.0013598191189895322,0.0
1,4.114554929712564,0.001136955905777184,0.0
1,4.118347079362,0.001076174999231722,0.0
1,4.1221427240186035,0.0009896725732119614,0.0
1,4.12594186690352,0.0012023777726159913,0.0
1,4.129744511240865,0.001061085715475076,0.0
1,4.1335506602577325,0.0010798519023588967,0.0
1,4.137360317184179,0.0009656739553122551,0.0
1,4.141173485253248,0.0010429133314146166,0.0
1,4.1449901677009535,0.0010457166607622354,0.0
1,4.148810367766301,0.0012363132917240008,0.0
1,4.152634088691278,0.0010057932243910674,0.0
1,4.1564613337208565,0.0010877029131105165,0.0
1,4.160292106103004,0.0009434558230441506,0.0
1,4.164126409088676,0.0015473092373090606,0.0
1,4.167964245931831,0.000997048899904078,0.0
1,4.171805619889423,0.0010330933896159126,0.0
1,4.175650534221405,0.0013083002369253475,0.0
1,4.179498992190741,0.0011299015185902853,0.0
1,4.183350997063395,0.0010746962056364666,0.0
1,4.187206552108346,0.0012719726496901982,0.0
1,4.191065660597587,0.000996135753697551,0.0
1,4.19492832580612,0.0009501245074232856,0.0
1,4.198794551011974,0.001086674082979029,0.0
1,4.20266433949619,0.0009487865734223587,0.0
1,4.206537694542838,0.0010019338839075606,0.0
1,4.21041461943902,0.0009924321642709765,0.0
1,4.2142951174748555,0.001118169474857231,0.0
1,4.218179191943507,0.00121063175425854,0.0
1,4.222066846141164,0.0010567030576211348,0.0
1,4.225958083367059,0.0011857575865649788,0.0
1,4.229852906923468,0.0010036653577682067,0.0
1,4.2337513201157,0.0008560966414787813,0.0
1,4.237653326252123,0.0009644019797423206,0.0
1,4.2415589286441415,0.0008566972997672957,0.0
1,4.245468130606222,0.0008889156920148696,0.0
1,4.249380935455884,0.0010342644524325199,0.0
1,4.253297346513698,0.0010964643550575234,0.0
1,4.257217367103301,0.001143820647339138,0.0
1,4.2611410005513966,0.001021551980080824,0.0
1,4.265068250187742,0.0009935824740679691,0.0
1,4.268999119345177,0.001119790468669902,0.0
1,4.272933611359602,0.0010356474031990343,0.0
1,4.276871729569999,0.0009488624755500491,0.0
1,4.2808134773184285,0.001025091526433407,0.0
1,4.284758857950021,0.0010183899798202258,0.0
1,4.288707874813004,0.0010533680356164523,0.0
1,4.292660531258677,0.0010025099542769643,0.0
1,4.2966168306414385,0.0011524874998375477,0.0
1,4.300576776318777,0.0011478783413946649,0.0
1,4.304540371651269,0.0008944069788977745,0.0
1,4.3085076200025965,0.0009996569851211006,0.0
1,4.312478524739534,0.0010499575076596088,0.0
1,4.316453089231965,0.0008239677087412246,0.0
1,4.320431316852878,0.0010264559648517082,0.0
1,4.324413210978365,0.001021961095619392,0.0
1,4.328398774987638,0.0009699556906057357,0.0
1,4.332388012263014,0.0009159255096564127,0.0
1,4.336380926189933,0.0009102662564029638,0.0
1,4.340377520156958,0.0008509954943239342,0.0
1,4.344377797555765,0.000971443903803799,0.0
1,4.3483817617811695,0.0009396449758015823,0.0
1,4.352389416231102,0.0010386466474445178,0.0
1,4.356400764306633,0.0009332232286324559,0.0
1,4.360415809411968,0.0010451439291309216,0.0
1,4.364434554954445,0.0008676797761821468,0.0
1,4.368457004344547,0.0009868883745157908,0.0
1,4.3724831609958965,0.001102351444017667,0.0
1,4.376513028325263,0.0008170173846973459,0.0
1,4.380546609752571,0.0008441360764614347,0.0
1,4.384583908700885,0.0009584548583927372,0.0
1,4.388624928596438,0.001083314584108686,0.0
1,4.392669672868608,0.0008182422107502848,0.0
1,4.396718144949943,0.0009740392041907589,0.0
1,4.400770348276151,0.0010496398446443159,0.0
1,4.404826286286105,0.0009881718835800578,0.0
1,4.408885962421852,0.0009118705989097934,0.0
1,4.412949380128605,0.0008979105196319786,0.0
1,4.417016542854758,0.001001959946709789,0.0
1,4.421087454051881,0.0009688408702576412,0.0
1,4.425162117174724,0.0011666623522483802,0.0
1,4.429240535681224,0.0009425973918992025,0.0
1,4.433322713032499,0.0008939887378415056,0.0
1,4.437408652692865,0.000935062713361393,0.0
1,4.441498358129826,0.0008904011923645793,0.0
1,4.445591832814081,0.0009700932257868983,0.0
1,4.449689080219532,0.000919896932316723,0.0
1,4.453790103823277,0.0010539459685537163,0.0
1,4.457894907105622,0.0010144184362518966,0.0
1,4.4620034935500845,0.0008815554514807748,0.0
1,4.466115866643383,0.000800981961309633,0.0
1,4.470232029875457,0.0009573012212417478,0.0
1,4.474351986739463,0.000996277196717843,0.0
1,4.47847574073177,0.0009390955460768658,0.0
1,4.482603295351978,0.000975359228953929,0.0
1,4.486734654102903,0.0009450990200718122,0.0
1,4.490869820490596,0.0010146314116007975,0.0
1,4.495008798024343,0.0008983001815798951,0.0
1,4.499151590216652,0.001023528714170928,0.0
1,4.503298200583281,0.0009933446975797762,0.0
1,4.507448632643217,0.0008782603026391425,0.0
1,4.5116028899186995,0.001069537506349189,0.0
1,4.515760975935211,0.0012179750900983548,0.0
1,4.51992289422148,0.0009467561238108421,0.0
1,4.524088648309495,0.0010265121676424577,0.0
1,4.5282582417344885,0.0010700022849635523,0.0
1,4.5324316780349605,0.0008980828691933639,0.0
1,4.536608960752672,0.0008814283792571752,0.0
1,4.540790093432641,0.0009883143221336328,0.0
1,4.5449750796231605,0.0009795021130988542,0.0
1,4.549163922875787,0.0009392703921161069,0.0
1,4.553356626745356,0.0009750660175990299,0.0
1,4.55755319478998,0.0009339943340054777,0.0
1,4.561753630571041,0.0010130328300753672,0.0
1,4.565957937653217,0.0010257908235723361,0.0
1,4.57016611960446,0.0009663061823893193,0.0
1,4.574378179996016,0.0010286772964111918,0.0
1,4.578594122402423,0.0009708409987972028,0.0
1,4.582813950401509,0.0010209974329694063,0.0
1,4.587037667574407,0.0010164588596958026,0.0
1,4.5912652775055385,0.0009351861087014468,0.0
1,4.595496783782641,0.0009239967911111764,0.0
1,4.599732189996755,0.0010529680683063756,0.0
1,4.603971499742223,0.0010213408494501152,0.0
1,4.608214716616713,0.0008512226264733597,0.0
1,4.612461844221196,0.0009815776305051491,0.0
1,4.61671288615997,0.0009358560527535861,0.0
1,4.6209678460406565,0.0008679901059144145,0.0
1,4.625226727474193,0.0008462764736875751,0.0
1,4.629489534074855,0.0008746078332812297,0.0
1,4.633756269460239,0.0008953956214237171,0.0
1,4.638026937251283,0.0008354770913436861,0.0
1,4.642301541072263,0.0008385895960758747,0.0
1,4.646580084550788,0.0008763540083227739,0.0
1,4.650862571317819,0.0009194941286853763,0.0
1,4.655149005007654,0.001180434838524554,0.0
1,4.659439389257949,0.0010234167157075382,0.0
1,4.663733727709711,0.0009588264493947459,0.0
1,4.668032024007297,0.0007865975833377193,0.0
1,4.672334281798431,0.0009175353215980389,0.0
1,4.67664050473419,0.000966355011005145,0.0
1,4.680950696469024,0.0009987607409705523,0.0
1,4.68526486066075,0.0009389530639829721,0.0
1,4.689583000970548,0.0007979972836961934,0.0
1,4.693905121062984,0.0010889119732362053,0.0
1,4.69823122460599,0.0008669333747283164,0.0
1,4.702561315270888,0.0008500982632853615,0.0
1,4.706895396732382,0.001049193876246684,0.0
1,4.711233472668556,0.0008480858470772808,0.0
1,4.71557554676089,0.0008679529038156964,0.0
1,4.719921622694259,0.000939383478755189,0.0
1,4.7242717041569255,0.000836382219024994,0.0
1,4.7286257948405614,0.0007873078042727476,0.0
1,4.7329838984402315,0.000986229762901488,0.0
1,4.737346018654412,0.0007615719608273413,0.0
1,4.74171215918499,0.0008126526201606343,0.0
1,4.746082323737256,0.0008170947291091663,0.0
1,4.750456516019924,0.0008026538736163941,0.0
1,4.754834739745119,0.0008598223941819769,0.0
1,4.759216998628393,0.000928993945719187,0.0
1,4.763603296388722,0.0008733454507859913,0.0
1,4.767993636748503,0.0007759956891849621,0.0
1,4.772388023433574,0.0008835168613059031,0.0
1,4.776786460173194,0.0008553986550340522,0.0
1,4.781188950700072,0.0008685530118535268,0.0
1,4.785595498750352,0.0007398398370648319,0.0
1,4.790006108063617,0.0008574279666559225,0.0
1,4.794420782382904,0.0007608970695291073,0.0
1,4.798839525454693,0.0008447732510049638,0.0
1,4.803262341028922,0.001294458467274901,0.0
1,4.807689232858985,0.0008726615100794712,0.0
1,4.81212020470173,0.0007833126007767828,0.0
1,4.816555260317475,0.0008296693416740509,0.0
1,4.820994403469996,0.0008208295619153168,0.0
1,4.825437637926543,0.0007527322678762447,0.0
1,4.829884967457838,0.0007986189403933003,0.0
1,4.834336395838074,0.0008522000993192563,0.0
1,4.838791926844929,0.0008026637283619237,0.0
1,4.843251564259555,0.0009667826573390987,0.0
1,4.847715311866594,0.0009042604917339675,0.0
1,4.852183173454179,0.0007456730428628252,0.0
1,4.856655152813925,0.0009076124029246071,0.0
1,4.86113125374095,0.0008718914876475031,0.0
1,4.865611480033865,0.0010012623460000402,0.0
1,4.870095835494782,0.0007909352787234461,0.0
1,4.874584323929324,0.0009360556977429906,0.0
1,4.87907694914661,0.0010394071902872163,0.0
1,4.883573714959281,0.0008173940744532661,0.0
1,4.8880746251834815,0.0007982847169271874,0.0
1,4.892579683638881,0.0009386640545095162,0.0
1,4.897088894148669,0.0008369974162035999,0.0
1,4.90160226053955,0.0008054281328923666,0.0
1,4.90611978664177,0.0008941972937127013,0.0
1,4.910641476289088,0.0008045283824918685,0.0
1,4.91516733331881,0.0008899993436641808,0.0
1,4.919697361571775,0.0007691064827314367,0.0
1,4.924231564892356,0.0009726753458397298,0.0
1,4.928769947128479,0.0009046208509323371,0.0
1,4.9333125121316055,0.0007386167780798097,0.0
1,4.9378592637567555,0.0008782343099313552,0.0
1,4.9424102058625,0.0009273161366783649,0.0
1,4.946965342310961,0.0008511175310344079,0.0
1,4.95152467696783,0.0008640427349807423,0.0
1,4.9560882137023485,0.0008795563959770255,0.0
1,4.960655956387334,0.0008176033938458342,0.0
1,4.965227908899173,0.0008621872999325314,0.0
1,4.969804075117816,0.0007858180931988446,0.0
1,4.9743844589267985,0.0007780389816301538,0.0
1,4.978969064213234,0.0007934127024867292,0.0
1,4.983557894867812,0.0008335173276686694,0.0
1,4.988150954784817,0.0007769973242326069,0.0
1,4.992748247862113,0.0008279286913788077,0.0
1,4.997349778001164,0.0008868445232491906,0.0
1,5.001955549107029,0.0008457321174272638,0.0
1,5.00656556508836,0.0008597620702813586,0.0
1,5.011179829857421,0.00074328952849719,0.0
1,5.015798347330072,0.0007837269759078193,0.0
1,5.020421121425786,0.0007154487141608169,0.0
1,5.025048156067653,0.0007928971729672359,0.0
1,5.02967945518237,0.0006919905064244937,0.0
1,5.0343150227002615,0.0007761993486578563,0.0
1,5.038954862555266,0.0007325883783191228,0.0
1,5.043598978684953,0.000844364809810067,0.0
1,5.048247375030524,0.000804293280247756,0.0
1,5.052900055536803,0.000964762277823046,0.0
1,5.057557024152261,0.0008816414945129026,0.0
1,5.062218284828997,0.0007799812020498326,0.0
1,5.066883841522762,0.0009318473696547391,0.0
1,5.07155369819295,0.0007718215225093545,0.0
1,5.076227858802599,0.0007531631973217442,0.0
1,5.0809063273184085,0.0007817434399106021,0.0
1,5.085589107710723,0.0006702554714605267,0.0
1,5.090276203953555,0.000858421412998844,0.0
1,5.094967620024579,0.0008456526092793921,0.0
1,5.099663359905128,0.00085365870308624,0.0
1,5.104363427580217,0.0007766539628920995,0.0
1,5.109067827038518,0.0007716058634576006,0.0
1,5.113776562272393,0.0007533497371566588,0.0
1,5.118489637277879,0.0007204955612178823,0.0
1,5.12320705605469,0.0007429660237179851,0.0
1,5.127928822606235,0.0008085590367689947,0.0
1,5.132654940939608,0.0007696036902929918,0.0
1,5.137385415065595,0.0007805969737232073,0.0
1,5.142120248998686,0.0009506791886926074,0.0
1,5.14685944675706,0.0008159175276229062,0.0
1,5.151603012362608,0.0009048859644578616,0.0
1,5.156350949840923,0.0008331190593690933,0.0
1,5.161103263221309,0.0007323053360553572,0.0
1,5.1658599565367895,0.0007595802451463253,0.0
1,5.1706210338240925,0.0009535383658067856,0.0
1,5.175386499123681,0.0007570529225625277,0.0
1,5.180156356479728,0.0007601371688292192,0.0
1,5.184930609940142,0.0008661884772387267,0.0
1,5.1897092635565665,0.0007742818040815995,0.0
1,5.194492321384366,0.0006497285713312358,0.0
1,5.199279787482655,0.0007438699903053586,0.0
1,5.204071665914278,0.0007598543751597336,0.0
1,5.2088679607458355,0.0007540642626872912,0.0
1,5.2136686760476705,0.0007329962854589623,0.0
1,5.218473815893873,0.0007176299881289768,0.0
1,5.223283384362297,0.0008528561121439705,0.0
1,5.228097385534545,0.0007945839887902196,0.0
1,5.232915823495988,0.0007609970295269972,0.0
1,5.237738702335765,0.0007348712708702395,0.0
1,5.242566026146773,0.0008391740727760396,0.0
1,5.2473977990256895,0.0007911192242185715,0.0
1,5.252234025072969,0.0007745050244135165,0.0
1,5.257074708392836,0.0008081658862649753,0.0
1,5.261919853093309,0.0006516315744794207,0.0
1,5.266769463286182,0.0007555248970912725,0.0
1,5.271623543087045,0.0008023173106246654,0.0
1,5.2764820966152834,0.0009157080172767959,0.0
1,5.281345127994071,0.0007151742328845506,0.0
1,5.28621264135039,0.0006903449834341144,0.0
1,5.291084640815018,0.0007537677773441179,0.0
1,5.295961130522546,0.0006440382341832357,0.0
1,5.3008421146113776,0.0007285798053875796,0.0
1,5.30572759722372,0.0007697836181660962,0.0
1,5.310617582505611,0.0008463796819060259,0.0
1,5.315512074606898,0.0008142600564968533,0.0
1,5.32041107768126,0.0007257886527433786,0.0
1,5.325314595886206,0.000671384324230254,0.0
1,5.330222633383067,0.0006363232471695631,0.0
1,5.335135194337023,0.0007578173610666597,0.0
1,5.340052282917078,0.0007580728273367696,0.0
1,5.344973903296089,0.0007960800902906557,0.0
1,5.349900059650759,0.0007142873013714291,0.0
1,5.35483075616163,0.0007956355357192912,0.0
1,5.359765997013111,0.0006845243382178116,0.0
1,5.364705786393454,0.000750094132117754,0.0
1,5.36965012849478,0.0007361599760408652,0.0
1,5.374599027513076,0.000764989144673713,0.0
1,5.3795524876481835,0.0007442138266233787,0.0
1,5.38451051310383,0.0008402694869141966,0.0
1,5.3894731080876035,0.0007504419744307771,0.0
1,5.394440276810979,0.00073018771496368,0.0
1,5.3994120234893135,0.0007354006071238576,0.0
1,5.404388352341841,0.0007128937206953272,0.0
1,5.409369267591693,0.0006311153502540889,0.0
1,5.4143547734658855,0.0008294436583305205,0.0
1,5.419344874195335,0.0006928311391722152,0.0
1,5.424339574014861,0.0009112575846468711,0.0
1,5.4293388771631745,0.0007656197108015189,0.0
1,5.434342787882907,0.000690058107150282,0.0
1,5.439351310420586,0.0007919345353756969,0.0
1,5.444364449026665,0.0007299899333897972,0.0
1,5.44938220795551,0.0007542256601136198,0.0
1,5.454404591465404,0.0007379655215777466,0.0
1,5.4594316038185635,0.0007832814076155983,0.0
1,5.464463249281123,0.0007091204710802315,0.0
1,5.469499532123157,0.000675439958669689,0.0
1,5.4745404566186755,0.0006818116489088618,0.0
1,5.4795860270456185,0.0007258101043927393,0.0
1,5.484636247685881,0.0007231726906638895,0.0
1,5.489691122825292,0.0007465732457268995,0.0
1,5.494750656753641,0.0008218916003096325,0.0
1,5.499814853764668,0.0007305268516412388,0.0
1,5.504883718156065,0.0006589299650631014,0.0
1,5.509957254229494,0.0007659545301356854,0.0
1,5.515035466290572,0.0007227442673891986,0.0
1,5.520118358648891,0.0006608254836283793,0.0
1,5.5252059356180165,0.000664578880988458,0.0
1,5.53029820151548,0.0006699438640745374,0.0
1,5.535395160662802,0.0008370694918460658,0.0
1,5.540496817385483,0.0005837033767524183,0.0
1,5.545603176013005,0.0007296560010704944,0.0
1,5.550714240878849,0.0006971772936782902,0.0
1,5.55583001632048,0.0008060733262665934,0.0
1,5.5609505066793705,0.0006745023674365949,0.0
1,5.566075716300991,0.0007024447722261631,0.0
1,5.571205649534809,0.0007262172676684602,0.0
1,5.576340310734316,0.0006698261682842361,0.0
1,5.581479704256998,0.0007303868118027303,0.0
1,5.586623834464372,0.0006952316834082073,0.0
1,5.59177270572197,0.0007052130591685365,0.0
1,5.596926322399342,0.0006730170797070357,0.0
1,5.602084688870075,0.0006530845980038633,0.0
1,5.607247809511776,0.0006447898634843917,0.0
1,5.612415688706093,0.0006311480656316203,0.0
1,5.617588330838718,0.0006025875631831474,0.0
1,5.62276574029937,0.0007181768405615613,0.0
1,5.627947921481828,0.0006702151227753384,0.0
1,5.6331348787839115,0.0006806293612711056,0.0
1,5.638326616607496,0.0006247117818951114,0.0
1,5.6435231393585195,0.0006896118579487132,0.0
1,5.648724451446968,0.000684471296674709,0.0
1,5.653930557286908,0.0006760143226032782,0.0
1,5.659141461296457,0.0006599988714543459,0.0
1,5.664357167897818,0.0007092510933652844,0.0
1,5.669577681517268,0.0006407288469434107,0.0
1,5.674803006585153,0.00060320324146408,0.0
1,5.680033147535915,0.0006818104533280642,0.0
1,5.685268108808073,0.0006388001840864358,0.0
1,5.690507894844244,0.00064887147710367,0.0
1,5.69575251009114,0.0006024277970358621,0.0
1,5.70100195899956,0.0007118445739397771,0.0
1,5.706256246024421,0.0006955468099405967,0.0
1,5.711515375624732,0.0006504777760308433,0.0
1,5.716779352263618,0.0007065920304867853,0.0
1,5.722048180408323,0.0006221690032721984,0.0
1,5.727321864530194,0.0006316554915169228,0.0
1,5.732600409104713,0.0006794732085190206,0.0
1,5.737883818611477,0.0006523435901276032,0.0
1,5.743172097534217,0.0006544605987262019,0.0
1,5.7484652503607965,0.0007175115336765503,0.0
1,5.753763281583209,0.0007004791330061416,0.0
1,5.7590661956976,0.0006185944583847793,0.0
1,5.764373997204243,0.000684324246835704,0.0
1,5.769686690607571,0.0007059552236600734,0.0
1,5.775004280416169,0.0006298487910149522,0.0
1,5.780326771142767,0.000611672307559448,0.0
1,5.785654167304266,0.0007061591598596267,0.0
1,5.790986473421718,0.0006910937066592498,0.0
1,5.796323694020352,0.0006951643984147048,0.0
1,5.801665833629568,0.000650946413125636,0.0
1,5.807012896782928,0.000615819501748642,0.0
1,5.812364888018186,0.0006268525804454602,0.0
1,5.8177218118772736,0.0006065248292722979,0.0
1,5.823083672906303,0.0006875018536134814,0.0
1,5.828450475655587,0.0006400549912930349,0.0
1,5.833822224679619,0.0006433562442372914,0.0
1,5.8391989245371025,0.0006880529614916558,0.0
1,5.844580579790938,0.0006259579247717805,0.0
1,5.849967195008225,0.0006611663030436105,0.0
1,5.855358774760285,0.0006004040078491102,0.0
1,5.860755323622638,0.0006913513082403291,0.0
1,5.866156846175032,0.0006164119964892805,0.0
1,5.871563347001435,0.0006565985950832067,0.0
1,5.876974830690031,0.0007451328590220612,0.0
1,5.882391301833246,0.0006858457851400838,0.0
1,5.887812765027723,0.0006195458973255048,0.0
1,5.893239224874355,0.0006819022850708169,0.0
1,5.898670685978272,0.0006639443564966373,0.0
1,5.90410715294884,0.0006337915505825147,0.0
1,5.909548630399686,0.0005580749596921373,0.0
1,5.914995122948677,0.0007340862839219173,0.0
1,5.920446635217946,0.0006809852198789902,0.0
1,5.925903171833882,0.0006296456754335976,0.0
1,5.931364737427134,0.0005977028897138659,0.0
1,5.936831336632627,0.000669463628567065,0.0
1,5.942302974089547,0.0006131018128512666,0.0
1,5.947779654441367,0.0007233666815342113,0.0
1,5.9532613823358345,0.0006538415690286977,0.0
1,5.958748162424976,0.0009894283254266042,0.0
1,5.964239999365115,0.0006604741330700043,0.0
1,5.9697368978168575,0.0006305260603768982,0.0
1,5.97523886244511,0.0006602151524425089,0.0
1,5.980745897919082,0.0006342546546930612,0.0
1,5.986258008912274,0.0006960033131925258,0.0
1,5.9917752001025075,0.0005924825305644493,0.0
1,5.997297476171903,0.0006375539549590943,0.0
1,6.002824841806907,0.0006428677160373836,0.0
1,6.008357301698283,0.0005814465135811502,0.0
1,6.013894860541109,0.000665352516250655,0.0
1,6.019437523034802,0.0006024202707817451,0.0
1,6.024985293883099,0.0007558022514356901,0.0
1,6.0305381777940825,0.0006538207820498184,0.0
1,6.036096179480171,0.0006156129265297295,0.0
1,6.041659303658118,0.0005637517552455704,0.0
1,6.047227555049039,0.0006984919395545565,0.0
1,6.052800938378385,0.0006824819625360506,0.0
1,6.058379458375974,0.0007116853421411548,0.0
1,6.0639631197759805,0.000624258941698473,0.0
1,6.069551927316936,0.0006590014115101775,0.0
1,6.075145885741749,0.0005814737448515485,0.0
1,6.080744999797688,0.0006110645015658694,0.0
1,6.086349274236407,0.0005842526422395251,0.0
1,6.091958713813938,0.0007122370516782992,0.0
1,6.097573323290687,0.0008998623655611328,0.0
1,6.10319310743146,0.000717959134288977,0.0
1,6.108818071005444,0.0005759122223419499,0.0
1,6.114448218786227,0.0005956799393432073,0.0
1,6.120083555551799,0.0006696035215214821,0.0
1,6.125724086084546,0.0005571350003089688,0.0
1,6.131369815171267,0.0006065459997700933,0.0
1,6.137020747603174,0.0009182060372694847,0.0
1,6.142676888175887,0.0005994400083773691,0.0
1,6.148338241689458,0.0005888171675156949,0.0
1,6.154004812948349,0.0006272951346544347,0.0
1,6.15967660676146,0.000620085572309924,0.0
1,6.165353627942124,0.0006170845122749821,0.0
1,6.171035881308099,0.0006789638162800307,0.0
1,6.176723371681598,0.0005985451258544454,0.0
1,6.182416103889264,0.0006065103155177515,0.0
1,6.1881140827621985,0.0006190660017139904,0.0
1,6.193817313135956,0.0005730223459822444,0.0
1,6.199525799850537,0.0005838385360014712,0.0
1,6.205239547750418,0.0006335551571267693,0.0
1,6.2109585616845235,0.0005733683557256202,0.0
1,6.216682846506259,0.0006105981708607953,0.0
1,6.222412407073505,0.0006249566534676027,0.0
1,6.2281472482486055,0.0005628798828492544,0.0
1,6.233887374898402,0.0005804258628721824,0.0
1,6.239632791894207,0.0006168893647687519,0.0
1,6.2453835041118335,0.0005880762060108963,0.0
1,6.251139516431587,0.0005953540561948437,0.0
1,6.25690083373826,0.0005984899851502245,0.0
1,6.262667460921163,0.0005664689484130905,0.0
1,6.268439402874099,0.0006373501176542696,0.0
1,6.274216664495389,0.000563242973371284,0.0
1,6.2799992506878715,0.0005251255739172591,0.0
1,6.285787166358892,0.0005726319935577725,0.0
1,6.291580416420331,0.0006082373334459928,0.0
1,6.297379005788584,0.0005705859167783956,0.0
1,6.303182939384589,0.0005975030550835798,0.0
1,6.308992222133818,0.0005850161579819645,0.0
1,6.314806858966271,0.0005460021291045954,0.0
1,6.320626854816508,0.0005347957828082111,0.0
1,6.326452214623622,0.0005704903885883585,0.0
1,6.332282943331267,0.0005552500565040832,0.0
1,6.338119045887655,0.0005845493001544717,0.0
1,6.3439605272455495,0.0006469598959237519,0.0
1,6.349807392362289,0.0005567478628370241,0.0
1,6.3556596461997685,0.000571201003948466,0.0
1,6.361517293724468,0.0005743863184494882,0.0
1,6.367380339907443,0.0005748534438154975,0.0
1,6.373248789724321,0.0005916386514529135,0.0
1,6.379122648155328,0.0005549453385748391,0.0
1,6.385001920185268,0.0005645968050778394,0.0
1,6.390886610803549,0.0005767096038344208,0.0
1,6.396776725004176,0.0006730404022077969,0.0
1,6.402672267785747,0.0005448675430494785,0.0
1,6.408573244151482,0.0006116147535268055,0.0
1,6.414479659109197,0.0005018259209321385,0.0
1,6.420391517671334,0.0006085258592920099,0.0
1,6.426308824854956,0.0005375097345106269,0.0
1,6.432231585681737,0.0005367090169374927,0.0
1,6.438159805177995,0.0006278776450165454,0.0
1,6.444093488374667,0.0005872357832512482,0.0
1,6.450032640307335,0.0005528980300890752,0.0
1,6.455977266016225,0.0005342830217534614,0.0
1,6.461927370546194,0.0005604048831522239,0.0
1,6.467882958946762,0.0006197599654146575,0.0
1,6.473844036272103,0.0005864498456671234,0.0
1,6.479810607581036,0.0005965933574955849,0.0
1,6.485782677937059,0.0005272579030299098,0.0
1,6.491760252408322,0.0005211813031381949,0.0
1,6.497743336067655,0.0005408858778204902,0.0
1,6.503731933992566,0.000567502313501476,0.0
1,6.50972605126523,0.0005393651447273106,0.0
1,6.515725692972521,0.0005820930666727091,0.0
1,6.5217308642059875,0.0005038835771869118,0.0
1,6.52774157006188,0.0005493133926235967,0.0
1,6.533757815641147,0.0005263651247108434,0.0
1,6.539779606049427,0.0005352519058321405,0.0
1,6.545806946397078,0.00047383413227127224,0.0
1,6.551839841799155,0.0005560065535712677,0.0
1,6.557878297375436,0.0005153180993588225,0.0
1,6.56392231825042,0.0005470066295070863,0.0
1,6.569971909553316,0.0005161719884327965,0.0
1,6.576027076418077,0.000550844450074251,0.0
1,6.58208782398337,0.0005371387418106584,0.0
1,6.588154157392611,0.0005294322740354862,0.0
1,6.594226081793958,0.0005268610337706082,0.0
1,6.600303602340299,0.0005096827254003976,0.0
1,6.606386724189288,0.0005583454928193995,0.0
1,6.612475452503318,0.0004826168476635367,0.0
1,6.61856979244955,0.0005556729440397591,0.0
1,6.624669749199909,0.00048680193307421693,0.0
1,6.630775327931072,0.0005444741222267533,0.0
1,6.636886533824506,0.0005079823586089685,0.0
1,6.6430033720664365,0.0005539033009642349,0.0
1,6.6491258478478805,0.0005815476409382228,0.0
1,6.655253966364637,0.0005409019776750431,0.0
1,6.661387732817288,0.0005122480205973138,0.0
1,6.667527152411217,0.0004906806847122045,0.0
1,6.673672230356595,0.0006464821132850134,0.0
1,6.679822971868402,0.0005971748123572875,0.0
1,6.68597938216643,0.0004981410204562678,0.0
1,6.692141466475264,0.0005203799104389293,0.0
1,6.698309230024323,0.0005102474266252977,0.0
1,6.704482678047832,0.0004996140487986056,0.0
1,6.710661815784848,0.0005606853683480274,0.0
1,6.716846648479256,0.0005314324939058326,0.0
1,6.723037181379767,0.000515809251204591,0.0
1,6.729233419739941,0.0006895084608659558,0.0
1,6.735435368818167,0.0005172837206876971,0.0
1,6.74164303387769,0.0004989296011572694,0.0
1,6.747856420186605,0.0005174175599171692,0.0
1,6.754075533017854,0.0005172251609229433,0.0
1,6.760300377649252,0.0005342593403062034,0.0
1,6.766530959363464,0.0005384221893699683,0.0
1,6.772767283448032,0.0005185994885810922,0.0
1,6.7790093551953765,0.0005424692525020861,0.0
1,6.78525717990278,0.0005443899090763047,0.0
1,6.7915107628724245,0.0005847538728674752,0.0
1,6.7977701094113625,0.0005115618531382838,0.0
1,6.8040352248315505,0.0005523531457206396,0.0
1,6.810306114449838,0.0005178039539898851,0.0
1,6.816582783587967,0.0005068193013357658,0.0
1,6.822865237572593,0.0005614789636716338,0.0
1,6.829153481735281,0.0005054352232085807,0.0
1,6.8354475214125,0.0005304422688566021,0.0
1,6.84174736194565,0.0005236867078747934,0.0
1,6.848053008681042,0.0005008714495302366,0.0
1,6.854364466969923,0.0006171416740680596,0.0
1,6.860681742168472,0.0005585365797305166,0.0
1,6.867004839637795,0.0005295715825904799,0.0
1,6.873333764743953,0.0005291022277133132,0.0
1,6.879668522857937,0.0005141907589426171,0.0
1,6.886009119355701,0.0005168216642181298,0.0
1,6.892355559618151,0.0004792020776451076,0.0
1,6.898707849031146,0.0005287267161454644,0.0
1,6.9050659929855165,0.0005131425432039413,0.0
1,6.911429996877053,0.0005596253742416088,0.0
1,6.917799866106527,0.000520794676268448,0.0
1,6.9241756060796895,0.0004825746328232605,0.0
1,6.93055722220726,0.0004696541993504174,0.0
1,6.936944719904962,0.00046253930666326573,0.0
1,6.943338104593493,0.0004583771672535887,0.0
1,6.94973738169856,0.0004910829495742955,0.0
1,6.956142556650869,0.0006034943094001639,0.0
1,6.962553634886121,0.0005295391582963951,0.0
1,6.968970621845042,0.0005204427008614304,0.0
1,6.975393522973356,0.0004930523753092801,0.0
1,6.981822343721817,0.0005160517779273288,0.0
1,6.988257089546206,0.0005445624003543328,0.0
1,6.994697765907317,0.0005302738299455644,0.0
1,7.001144378270993,0.0005048902316149306,0.0
1,7.007596932108102,0.0004994613696983293,0.0
1,7.014055432894562,0.0004982330473205728,0.0
1,7.020519886111341,0.0005413553318815959,0.0
1,7.026990297244444,0.00045371881016132424,0.0
1,7.033466671784948,0.0004960315772499303,0.0
1,7.03994901522898,0.0005096021891890664,0.0
1,7.046437333077738,0.00045031656231091086,0.0
1,7.0529316308374925,0.00048684923011923777,0.0
1,7.059431914019577,0.0004867533632318107,0.0
1,7.065938188140422,0.0004989802023323066,0.0
1,7.072450458721524,0.0004617127502359621,0.0
1,7.07896873128948,0.00046972850315455924,0.0
1,7.085493011375982,0.00047811359133028,0.0
1,7.0920233045178085,0.00048789778768130017,0.0
1,7.098559616256856,0.0004639327836145773,0.0
1,7.105101952140113,0.0005275561528772238,0.0
1,7.1116503177196915,0.0005065695037424353,0.0
1,7.118204718552821,0.0004784042889278704,0.0
1,7.124765160201843,0.0004884214124053536,0.0
1,7.131331648234238,0.0004987393150569006,0.0
1,7.1379041882226035,0.0004684126013048642,0.0
1,7.144482785744685,0.0004863039201191092,0.0
1,7.151067446383369,0.000495485623669781,0.0
1,7.157658175726674,0.0004969434431123869,0.0
1,7.164254979367781,0.0004619910146124153,0.0
1,7.170857862905027,0.0005632305570469735,0.0
1,7.1774668319418975,0.00047934900857672007,0.0
1,7.184081892087055,0.00043814398718303133,0.0
1,7.190703048954318,0.0005125692499811879,0.0
1,7.19733030816269,0.0004965658248156905,0.0
1,7.203963675336354,0.00045753989865698257,0.0
1,7.210603156104662,0.0004842991533262296,0.0
1,7.217248756102174,0.00048549000303328883,0.0
1,7.2239004809686245,0.00043361263995585865,0.0
1,7.230558336348959,0.000503882958735464,0.0
1,7.237222327893323,0.0005065093763446053,0.0
1,7.243892461257062,0.00043594971621482734,0.0
1,7.250568742100746,0.00047161091698482235,0.0
1,7.257251176090146,0.00044707983858943153,0.0
1,7.263939768896271,0.0004755053691076563,0.0
1,7.2706345261953516,0.00044762775737059726,0.0
1,7.27733545366884,0.0004763003977926681,0.0
1,7.284042557003441,0.0004660380087654703,0.0
1,7.290755841891085,0.0005075537029973589,0.0
1,7.297475314028957,0.00047913471001445146,0.0
1,7.304200979119497,0.0004282351041608562,0.0
1,7.310932842870388,0.00043689848046495045,0.0
1,7.317670910994585,0.00046479642719696873,0.0
1,7.324415189210299,0.00043486200639992177,0.0
1,7.331165683241017,0.0004893060267965501,0.0
1,7.337922398815505,0.00048456812216979804,0.0
1,7.344685341667796,0.00042393055150476627,0.0
1,7.351454517537222,0.00045690343969064824,0.0
1,7.358229932168391,0.0004746245958595248,0.0
1,7.365011591311217,0.0004897646160076809,0.0
1,7.371799500720911,0.00046251050853015106,0.0
1,7.378593666157979,0.0005378263707179129,0.0
1,7.385394093388251,0.0004375100583866913,0.0
1,7.392200788182856,0.0004216706243298816,0.0
1,7.399013756318252,0.0004787889393965993,0.0
1,7.405833003576222,0.000493552553113599,0.0
1,7.412658535743867,0.00048040426162202133,0.0
1,7.4194903586136345,0.00046173974420905475,0.0
1,7.426328477983297,0.00045489811822786204,0.0
1,7.433172899655983,0.0004301402532390135,0.0
1,7.440023629440168,0.0004265629892805593,0.0
1,7.446880673149668,0.00045753146219906814,0.0
1,7.453744036603674,0.0005247806658542259,0.0
1,7.460613725626726,0.0004373674842652061,0.0
1,7.467489746048743,0.00043210774366970377,0.0
1,7.474372103705016,0.0005122134065012896,0.0
1,7.481260804436203,0.0004671681841715985,0.0
1,7.488155854088361,0.0004547498377010959,0.0
1,7.495057258512918,0.0005752554038890844,0.0
1,7.50196502356671,0.0004583386464066887,0.0
1,7.508879155111965,0.0004072177047586593,0.0
1,7.51579965901631,0.00048158561319268535,0.0
1,7.522726541152789,0.00044716988512160744,0.0
1,7.529659807399845,0.00043373283471148725,0.0
1,7.536599463641353,0.0004534770387227542,0.0
1,7.543545515766606,0.00047019380771804294,0.0
1,7.550497969670318,0.0005119575746489,0.0
1,7.5574568312526464,0.0004619809389376951,0.0
1,7.564422106419183,0.0004436790670228391,0.0
1,7.571393801080955,0.0004685095552880601,0.0
1,7.57837192115445,0.00045090409210475326,0.0
1,7.585356472561596,0.00042558834369684493,0.0
1,7.592347461229787,0.0004892343070680399,0.0
1,7.599344893091883,0.0004485827014486764,0.0
1,7.606348774086199,0.00046052883848796475,0.0
1,7.613359110156538,0.00047857284094374923,0.0
1,7.620375907252167,0.0004093173450538504,0.0
1,7.627399171327846,0.00043722803667054665,0.0
1,7.634428908343824,0.0004809412416810832,0.0
1,7.641465124265832,0.0004757615030588067,0.0
1,7.648507825065114,0.0004424133745628955,0.0
1,7.6555570167184035,0.000441123574675391,0.0
1,7.662612705207952,0.0004393818354378262,0.0
1,7.669674896521524,0.00045480744532026715,0.0
1,7.676743596652395,0.00044618460367200835,0.0
1,7.683818811599375,0.00043347058848663077,0.0
1,7.690900547366789,0.00046096376606125474,0.0
1,7.697988809964508,0.0005050458676874387,0.0
1,7.7050836054079435,0.00047867590336820714,0.0
1,7.712184939718035,0.0004563115423220494,0.0
1,7.719292818921289,0.00040342012675337774,0.0
1,7.726407249049753,0.00043465419650638547,0.0
1,7.7335282361410425,0.00041550735717789394,0.0
1,7.740655786238339,0.0004087159018285313,0.0
1,7.74778990539038,0.0005386687429577685,0.0
1,7.754930599651496,0.00042238049657562603,0.0
1,7.762077875081581,0.00044161861853133364,0.0
1,7.769231737746125,0.0004117303351546384,0.0
1,7.776392193716209,0.00042035270741621445,0.0
1,7.783559249068497,0.0004476420242701372,0.0
1,7.790732909885269,0.00043073109971468666,0.0
1,7.797913182254396,0.0004409985227830984,0.0
1,7.805100072269371,0.00040877952385093416,0.0
1,7.812293586029304,0.00042367234001647314,0.0
1,7.819493729638912,0.0004378326198578196,0.0
1,7.826700509208558,0.0003848064779226675,0.0
1,7.833913930854215,0.00043788700701577466,0.0
1,7.841134000697511,0.0004090170818375542,0.0
1,7.848360724865711,0.00042638313452336035,0.0
1,7.855594109491719,0.00039236394176406263,0.0
1,7.862834160714105,0.00043396059359059367,0.0
1,7.87008088467708,0.00040961893278057613,0.0
1,7.877334287530531,0.0004180257671970565,0.0
1,7.884594375430015,0.00040727082211505664,0.0
1,7.891861154536746,0.0004202674545415386,0.0
1,7.899134631017635,0.00052484745397078,0.0
1,7.906414811045261,0.0004496512369555242,0.0
1,7.913701700797902,0.00040211888084941937,0.0
1,7.920995306459532,0.00041389383959106944,0.0
1,7.928295634219811,0.00044632837343547055,0.0
1,7.935602690274122,0.0004595556773327626,0.0
1,7.942916480823538,0.00043949384456030423,0.0
1,7.950237012074863,0.0003917041337621164,0.0
1,7.95756429024062,0.0004104353017575585,0.0
1,7.964898321539045,0.000407173497702436,0.0
1,7.972239112194118,0.0003728034977385073,0.0
1,7.979586668435554,0.000397648079275959,0.0
1,7.9869409964988005,0.000418049820747762,0.0
1,7.994302102625064,0.0003925665722336384,0.0
1,8.00166999306129,0.00041543368205078065,0.0
1,8.009044674060192,0.0004277873270043506,0.0
1,8.016426151880248,0.0004220031918476659,0.0
1,8.023814432785688,0.0004396887079653782,0.0
1,8.031209523046536,0.0004329399966768502,0.0
1,8.038611428938578,0.0004229425115279467,0.0
1,8.046020156743394,0.00037800578023516635,0.0
1,8.053435712748355,0.00040364976582177135,0.0
1,8.060858103246611,0.0004324767532091639,0.0
1,8.068287334537134,0.00041425783598367965,0.0
1,8.075723412924683,0.0004191657684492914,0.0
1,8.083166344719835,0.0003918480819956257,0.0
1,8.090616136238994,0.00044949620074464163,0.0
1,8.098072793804361,0.0003956181142725991,0.0
1,8.105536323743987,0.000417643749105371,0.0
1,8.11300673239174,0.0004058042165333189,0.0
1,8.120484026087333,0.00035641321114372574,0.0
1,8.127968211176325,0.0004195757569042156,0.0
1,8.135459294010111,0.0004137364885995988,0.0
1,8.142957280945955,0.0004200814742857205,0.0
1,8.150462178346967,0.00040391776963417454,0.0
1,8.157973992582125,0.0004415392146429727,0.0
1,8.165492730026289,0.0004129766942942087,0.0
1,8.173018397060172,0.0004657511380702451,0.0
1,8.180551000070391,0.0003826274107051045,0.0
1,8.188090545449429,0.0004152189064927079,0.0
1,8.195637039595672,0.000388494819753214,0.0
1,8.203190488913409,0.0003900937784840553,0.0
1,8.210750899812812,0.00042653680185951985,0.0
1,8.218318278709981,0.0004183597421140419,0.0
1,8.225892632026913,0.0003831013868542725,0.0
1,8.233473966191532,0.0003878272242056395,0.0
1,8.241062287637694,0.00042470261068487496,0.0
1,8.248657602805167,0.00045606146330731814,0.0
1,8.256259918139673,0.0004275118737694665,0.0
1,8.263869240092852,0.00043925313424611527,0.0
1,8.27148557512231,0.0004202812840555139,0.0
1,8.279108929691605,0.00040455768062184393,0.0
1,8.286739310270232,0.00038170504686363735,0.0
1,8.294376723333672,0.00041761891927650054,0.0
1,8.302021175363354,0.0004175025118909145,0.0
1,8.309672672846695,0.0003878274826101106,0.0
1,8.31733122227709,0.0003678646067513863,0.0
1,8.324996830153907,0.0003611272738130219,0.0
1,8.33266950298252,0.00042071066908196976,0.0
1,8.340349247274283,0.000414543419247336,0.0
1,8.348036069546561,0.00037277945445197887,0.0
1,8.355729976322728,0.0003960214176229889,0.0
1,8.363430974132157,0.00038733593234520206,0.0
1,8.371139069510257,0.00035970950349780236,0.0
1,8.378854268998442,0.0004039542366400877,0.0
1,8.386576579144165,0.00036912991431058053,0.0
1,8.39430600650092,0.0004377814392798215,0.0
1,8.40204255762822,0.00038636876213995347,0.0
1,8.409786239091645,0.00038258723913545193,0.0
1,8.41753705746282,0.00039424547817494576,0.0
1,8.425295019319414,0.00035612579375585623,0.0
1,8.43306013124518,0.0003800298337835406,0.0
1,8.440832399829914,0.00040978495435670234,0.0
1,8.448611831669508,0.0003675889324865587,0.0
1,8.456398433365926,0.00037830679680890344,0.0
1,8.464192211527205,0.00039996960300397354,0.0
1,8.471993172767492,0.00039592779938057515,0.0
1,8.479801323707012,0.00037912435944269555,0.0
1,8.487616670972098,0.00038072127711695367,0.0
1,8.495439221195202,0.00039265519943900817,0.0
1,8.503268981014866,0.00044173880895688217,0.0
1,8.51110595707577,0.00040013360209691676,0.0
1,8.518950156028703,0.0003981104661617063,0.0
1,8.526801584530595,0.0004029298239549785,0.0
1,8.534660249244514,0.000404239046803371,0.0
1,8.542526156839648,0.000358631871032813,0.0
1,8.55039931399136,0.000410039060226425,0.0
1,8.558279727381139,0.00037857950728261005,0.0
1,8.566167403696651,0.0004536916245284035,0.0
1,8.57406234963172,0.000393218447277515,0.0
1,8.581964571886333,0.0003842178769395163,0.0
1,8.589874077166662,0.00036767120600854423,0.0
1,8.59779087218505,0.0004008479991084645,0.0
1,8.605714963660033,0.00042453795061907126,0.0
1,8.61364635831634,0.0003909528671176157,0.0
1,8.62158506288489,0.00039974512775404136,0.0
1,8.629531084102815,0.0003626449938608025,0.0
1,8.637484428713448,0.00038646975798463953,0.0
1,8.64544510346634,0.0003903230860006402,0.0
1,8.653413115117273,0.0003868073894934458,0.0
1,8.661388470428232,0.00036352363655012395,0.0
1,8.66937117616746,0.000373658511726051,0.0
1,8.677361239109413,0.00035528358813302445,0.0
1,8.685358666034812,0.00039450649711296834,0.0
1,8.693363463730623,0.00036100318523114177,0.0
1,8.701375638990053,0.0003648404478439114,0.0
1,8.709395198612588,0.00036332545920441316,0.0
1,8.717422149403964,0.00042228039042644354,0.0
1,8.725456498176204,0.0003864436981558831,0.0
1,8.733498251747607,0.0003950451837736561,0.0
1,8.741547416942742,0.00037550929588817003,0.0
1,8.749604000592488,0.00040569382855478017,0.0
1,8.757668009534001,0.0004092656495257407,0.0
1,8.765739450610752,0.0003643836396466758,0.0
1,8.77381833067252,0.0003690132388717816,0.0
1,8.78190465657538,0.00036588628554677356,0.0
1,8.789998435181747,0.00038153585891894715,0.0
1,8.798099673360344,0.00039437816284843447,0.0
1,8.806208377986232,0.00045550967424586356,0.0
1,8.814324555940818,0.0003555059710309101,0.0
1,8.822448214111827,0.00037976720264397277,0.0
1,8.830579359393353,0.0003807888217275902,0.0
1,8.83871799868584,0.00039051515046197423,0.0
1,8.846864138896082,0.0003883723853784167,0.0
1,8.855017786937253,0.000348437120444793,0.0
1,8.863178949728884,0.0003638377652910276,0.0
1,8.87134763419689,0.0003582990249474445,0.0
1,8.879523847273576,0.00033806248657717404,0.0
1,8.887707595897623,0.00033945787225969604,0.0
1,8.89589888701412,0.000379233150639133,0.0
1,8.904097727574541,0.00036890021365466424,0.0
1,8.912304124536782,0.00039712776796350344,0.0
1,8.920518084865149,0.00038749366044192173,0.0
1,8.928739615530356,0.00033007038471713116,0.0
1,8.936968723509557,0.00035199590786119634,0.0
1,8.945205415786319,0.0003618881323164505,0.0
1,8.95344969935066,0.0003679551529353989,0.0
1,8.96170158119904,0.00038633940595378044,0.0
1,8.969961068334351,0.00035519672158760125,0.0
1,8.978228167765963,0.00034254715972493945,0.0
1,8.986502886509681,0.00036035829175883895,0.0
1,8.994785231587795,0.00033911203650553376,0.0
1,9.003075210029063,0.0004177560431711161,0.0
1,9.011372828868714,0.00040821346943355484,0.0
1,9.019678095148471,0.000361622631483541,0.0
1,9.027991015916534,0.00036323826770496523,0.0
1,9.036311598227611,0.0003642436408648345,0.0
1,9.04463984914291,0.0003561509960009992,0.0
1,9.05297577573014,0.0003583214026553652,0.0
1,9.061319385063532,0.00034857962237177327,0.0
1,9.069670684223828,0.00038585596875003185,0.0
1,9.078029680298304,0.0003618353872329366,0.0
1,9.086396380380767,0.000326256725027429,0.0
1,9.094770791571555,0.0003584658567133091,0.0
1,9.103152920977564,0.0003632633207882347,0.0
1,9.11154277571222,0.00041007264129362355,0.0
1,9.11994036289552,0.00037251522407794817,0.0
1,9.128345689654024,0.0003492557346793815,0.0
1,9.136758763120847,0.0003495387060257382,0.0
1,9.145179590435697,0.0003691297942280261,0.0
1,9.15360817874484,0.00038647970453758475,0.0
1,9.162044535201144,0.0003322048328888412,0.0
1,9.170488666964072,0.00036461066772650107,0.0
1,9.17894058119967,0.0003305640177831405,0.0
1,9.187400285080605,0.0003681445755993088,0.0
1,9.195867785786138,0.0003628102481380273,0.0
1,9.204343090502162,0.0003405537784690481,0.0
1,9.21282620642119,0.00036010408215314207,0.0
1,9.221317140742348,0.00034218741766423673,0.0
1,9.229815900671426,0.000357742698711533,0.0
1,9.238322493420823,0.0003460532733803397,0.0
1,9.246836926209609,0.0003261043450934429,0.0
1,9.2553592062635,0.0003599913131018639,0.0
1,9.263889340814869,0.00033606534970226896,0.0
1,9.272427337102759,0.00034419417136003345,0.0
1,9.280973202372873,0.0003579839776006006,0.0
1,9.289526943877611,0.0003342599449610429,0.0
1,9.298088568876048,0.0003739007496733008,0.0
1,9.306658084633941,0.0003412032090371143,0.0
1,9.315235498423757,0.0003335974329204335,0.0
1,9.32382081752466,0.00032867815152587626,0.0
1,9.332414049222518,0.0003347619448928884,0.0
1,9.341015200809926,0.0003352910670406634,0.0
1,9.34962427958618,0.00034695599563790673,0.0
1,9.358241292857327,0.00033554496726769396,0.0
1,9.366866247936137,0.0003464685238596559,0.0
1,9.37549915214211,0.00036166137028861037,0.0
1,9.384140012801513,0.00033867163335104877,0.0
1,9.392788837247341,0.0003508088186975281,0.0
1,9.401445632819367,0.0003559186362929933,0.0
1,9.410110406864126,0.000361762638437188,0.0
1,9.41878316673491,0.0003402087881587691,0.0
1,9.427463919791805,0.00033323370669792284,0.0
1,9.436152673401667,0.00032993255854084743,0.0
1,9.444849434938147,0.00034922374437947236,0.0
1,9.453554211781702,0.00034645021697825973,0.0
1,9.462267011319572,0.00032516464467298103,0.0
1,9.47098784094582,0.00034429069138955593,0.0
1,9.479716708061313,0.0003365552875605744,0.0
1,9.488453620073747,0.0003505314613181032,0.0
1,9.49719858439765,0.0003430711998856327,0.0
1,9.505951608454364,0.0003418643015429184,0.0
1,9.514712699672096,0.0003679362032998511,0.0
1,9.523481865485873,0.00033672548613080966,0.0
1,9.532259113337595,0.0003799797271728662,0.0
1,9.541044450676019,0.00030102701345197265,0.0
1,9.54983788495675,0.00033489738073792314,0.0
1,9.558639423642285,0.0003357558013796749,0.0
1,9.567449074201983,0.00033824135797868356,0.0
1,9.576266844112098,0.000353621569815863,0.0
1,9.585092740855774,0.0003411376867251693,0.0
1,9.593926771923039,0.00030507114758945245,0.0
1,9.602768944810842,0.00032829540710393817,0.0
1,9.611619267023025,0.00031386619933750374,0.0
1,9.620477746070357,0.0003409539435330724,0.0
1,9.62934438947053,0.0003208827908154391,0.0
1,9.638219204748152,0.00031976897594800867,0.0
1,9.647102199434785,0.00032313067751204807,0.0
1,9.65599338106891,0.0003208287189065367,0.0
1,9.664892757195974,0.00030074017968199045,0.0
1,9.673800335368377,0.0003135300692715126,0.0
1,9.682716123145463,0.00032902917041880336,0.0
1,9.691640128093566,0.00030662780351757026,0.0
1,9.70057235778597,0.0003077314124965955,0.0
1,9.70951281980296,0.0003279508673442359,0.0
1,9.718461521731797,0.0003326381818526402,0.0
1,9.72741847116673,0.0003106540103663026,0.0
1,9.736383675709025,0.00033304303133588136,0.0
1,9.745357142966926,0.0003074893674970308,0.0
1,9.754338880555714,0.000310070988953893,0.0
1,9.763328896097683,0.0003217864876934243,0.0
1,9.772327197222138,0.00033295038723884157,0.0
1,9.781333791565437,0.00032340546116589955,0.0
1,9.790348686770955,0.0003793598722019112,0.0
1,9.799371890489123,0.0003321750531846281,0.0
1,9.80840341037743,0.0003210123530490859,0.0
1,9.817443254100404,0.00033109328684204965,0.0
1,9.82649142932965,0.0003184984478968074,0.0
1,9.835547943743844,0.0003471739204871062,0.0
1,9.844612805028728,0.0003748863245110472,0.0
1,9.853686020877143,0.000318802034445923,0.0
1,9.862767598989004,0.0003042584471474708,0.0
1,9.871857547071333,0.00030196965062735144,0.0
1,9.880955872838257,0.00034158294586068095,0.0
1,9.890062584010998,0.00033715179815494854,0.0
1,9.899177688317918,0.0003181896277635494,0.0
1,9.908301193494475,0.00032731843292200125,0.0
1,9.917433107283275,0.00036454587366692746,0.0
1,9.92657343743406,0.00034272771847293715,0.0
1,9.935722191703697,0.0002902956658347224,0.0
1,9.944879377856227,0.00032230640016741154,0.0
1,9.95404500366282,0.00032272214242608574,0.0
1,9.96321907690183,0.0003087010658604812,0.0
1,9.972401605358774,0.00031577001211876324,0.0
1,9.981592596826335,0.00030063730461832994,0.0
1,9.990792059104393,0.00030757096514401816,0.0
1,10.0,0.00029606344369047266,0.0
